id,firstname,lastname,email,email2,profession
100,Aili,Marisa,Aili.Marisa@yopmail.com,Aili.Marisa@gmail.com,firefighter
101,Wanda,Sancho,Wanda.Sancho@yopmail.com,Wanda.Sancho@gmail.com,firefighter
102,Trixi,Schroth,Trixi.Schroth@yopmail.com,Trixi.Schroth@gmail.com,doctor
103,Jillayne,Arvo,Jillayne.Arvo@yopmail.com,Jillayne.Arvo@gmail.com,worker
104,Sheree,Bari,Sheree.Bari@yopmail.com,Sheree.Bari@gmail.com,police officer
105,Deloria,Sasnett,Deloria.Sasnett@yopmail.com,Deloria.Sasnett@gmail.com,doctor
106,Millie,Wallis,Millie.Wallis@yopmail.com,Millie.Wallis@gmail.com,police officer
107,Josephine,Shirberg,Josephine.Shirberg@yopmail.com,Josephine.Shirberg@gmail.com,firefighter
108,Fawne,Jorgan,Fawne.Jorgan@yopmail.com,Fawne.Jorgan@gmail.com,firefighter
109,Cissiee,Chandler,Cissiee.Chandler@yopmail.com,Cissiee.Chandler@gmail.com,worker
110,Pierette,Adore,Pierette.Adore@yopmail.com,Pierette.Adore@gmail.com,worker
111,Carmencita,Caitlin,Carmencita.Caitlin@yopmail.com,Carmencita.Caitlin@gmail.com,police officer
112,Gratia,Raffo,Gratia.Raffo@yopmail.com,Gratia.Raffo@gmail.com,worker
113,Adele,Macey,Adele.Macey@yopmail.com,Adele.Macey@gmail.com,police officer
114,Sybille,Wu,Sybille.Wu@yopmail.com,Sybille.Wu@gmail.com,firefighter
115,Dede,Poppy,Dede.Poppy@yopmail.com,Dede.Poppy@gmail.com,police officer
116,Kate,Sadowski,Kate.Sadowski@yopmail.com,Kate.Sadowski@gmail.com,developer
117,Tracey,Ferrell,Tracey.Ferrell@yopmail.com,Tracey.Ferrell@gmail.com,doctor
118,Cristabel,Braun,Cristabel.Braun@yopmail.com,Cristabel.Braun@gmail.com,developer
119,Gertrud,Catie,Gertrud.Catie@yopmail.com,Gertrud.Catie@gmail.com,developer
120,Feliza,Wenoa,Feliza.Wenoa@yopmail.com,Feliza.Wenoa@gmail.com,developer
121,Janis,Merna,Janis.Merna@yopmail.com,Janis.Merna@gmail.com,doctor
122,Vinita,Poll,Vinita.Poll@yopmail.com,Vinita.Poll@gmail.com,firefighter
123,Evaleen,Barney,Evaleen.Barney@yopmail.com,Evaleen.Barney@gmail.com,firefighter
124,Paulita,Poppy,Paulita.Poppy@yopmail.com,Paulita.Poppy@gmail.com,police officer
125,Tiffie,Howlyn,Tiffie.Howlyn@yopmail.com,Tiffie.Howlyn@gmail.com,police officer
126,Fanchon,Ulphia,Fanchon.Ulphia@yopmail.com,Fanchon.Ulphia@gmail.com,developer
127,Therine,Berl,Therine.Berl@yopmail.com,Therine.Berl@gmail.com,firefighter
128,Jennica,Larochelle,Jennica.Larochelle@yopmail.com,Jennica.Larochelle@gmail.com,doctor
129,Mara,Israeli,Mara.Israeli@yopmail.com,Mara.Israeli@gmail.com,firefighter
130,Bobinette,Weinreb,Bobinette.Weinreb@yopmail.com,Bobinette.Weinreb@gmail.com,police officer
131,Kary,Travax,Kary.Travax@yopmail.com,Kary.Travax@gmail.com,firefighter
132,Gretal,Fillbert,Gretal.Fillbert@yopmail.com,Gretal.Fillbert@gmail.com,developer
133,Lauryn,Kravits,Lauryn.Kravits@yopmail.com,Lauryn.Kravits@gmail.com,firefighter
134,Joane,Sawtelle,Joane.Sawtelle@yopmail.com,Joane.Sawtelle@gmail.com,police officer
135,Caressa,Carri,Caressa.Carri@yopmail.com,Caressa.Carri@gmail.com,doctor
136,Dominga,Bivins,Dominga.Bivins@yopmail.com,Dominga.Bivins@gmail.com,police officer
137,Bettine,Thunell,Bettine.Thunell@yopmail.com,Bettine.Thunell@gmail.com,police officer
138,Cissiee,Reinke,Cissiee.Reinke@yopmail.com,Cissiee.Reinke@gmail.com,doctor
139,Gloria,Anselmi,Gloria.Anselmi@yopmail.com,Gloria.Anselmi@gmail.com,developer
140,Briney,Bobbee,Briney.Bobbee@yopmail.com,Briney.Bobbee@gmail.com,police officer
141,Quintina,Bebe,Quintina.Bebe@yopmail.com,Quintina.Bebe@gmail.com,firefighter
142,Shauna,Harday,Shauna.Harday@yopmail.com,Shauna.Harday@gmail.com,police officer
143,Rosabelle,Cookie,Rosabelle.Cookie@yopmail.com,Rosabelle.Cookie@gmail.com,police officer
144,Delilah,Blisse,Delilah.Blisse@yopmail.com,Delilah.Blisse@gmail.com,worker
145,Gusty,Zina,Gusty.Zina@yopmail.com,Gusty.Zina@gmail.com,worker
146,Jaclyn,Wolfgram,Jaclyn.Wolfgram@yopmail.com,Jaclyn.Wolfgram@gmail.com,developer
147,Stacey,Hamil,Stacey.Hamil@yopmail.com,Stacey.Hamil@gmail.com,police officer
148,Aigneis,Fabiola,Aigneis.Fabiola@yopmail.com,Aigneis.Fabiola@gmail.com,developer
149,Nanete,Corilla,Nanete.Corilla@yopmail.com,Nanete.Corilla@gmail.com,doctor
150,Antonietta,Moina,Antonietta.Moina@yopmail.com,Antonietta.Moina@gmail.com,firefighter
151,Elsie,Presber,Elsie.Presber@yopmail.com,Elsie.Presber@gmail.com,worker
152,Stevana,Ries,Stevana.Ries@yopmail.com,Stevana.Ries@gmail.com,police officer
153,Cherilyn,Cosenza,Cherilyn.Cosenza@yopmail.com,Cherilyn.Cosenza@gmail.com,developer
154,Deloria,Raseda,Deloria.Raseda@yopmail.com,Deloria.Raseda@gmail.com,doctor
155,Kylynn,McClimans,Kylynn.McClimans@yopmail.com,Kylynn.McClimans@gmail.com,worker
156,Brooks,Marsden,Brooks.Marsden@yopmail.com,Brooks.Marsden@gmail.com,firefighter
157,Katleen,Nance,Katleen.Nance@yopmail.com,Katleen.Nance@gmail.com,doctor
158,Kristina,Suk,Kristina.Suk@yopmail.com,Kristina.Suk@gmail.com,doctor
159,Shandie,Corabella,Shandie.Corabella@yopmail.com,Shandie.Corabella@gmail.com,worker
160,Feliza,Seligman,Feliza.Seligman@yopmail.com,Feliza.Seligman@gmail.com,firefighter
161,Emylee,Trinetta,Emylee.Trinetta@yopmail.com,Emylee.Trinetta@gmail.com,worker
162,Olivette,Ashely,Olivette.Ashely@yopmail.com,Olivette.Ashely@gmail.com,doctor
163,Britni,Amethist,Britni.Amethist@yopmail.com,Britni.Amethist@gmail.com,developer
164,Hayley,Eliathas,Hayley.Eliathas@yopmail.com,Hayley.Eliathas@gmail.com,police officer
165,Netty,Cordi,Netty.Cordi@yopmail.com,Netty.Cordi@gmail.com,worker
166,Cordi,Leifeste,Cordi.Leifeste@yopmail.com,Cordi.Leifeste@gmail.com,doctor
167,Lulita,Georgy,Lulita.Georgy@yopmail.com,Lulita.Georgy@gmail.com,police officer
168,Lita,Tannie,Lita.Tannie@yopmail.com,Lita.Tannie@gmail.com,firefighter
169,Claresta,Burkle,Claresta.Burkle@yopmail.com,Claresta.Burkle@gmail.com,doctor
170,Kary,Dorine,Kary.Dorine@yopmail.com,Kary.Dorine@gmail.com,worker
171,Donnie,Ajay,Donnie.Ajay@yopmail.com,Donnie.Ajay@gmail.com,developer
172,Sheelagh,Thunell,Sheelagh.Thunell@yopmail.com,Sheelagh.Thunell@gmail.com,doctor
173,Chrystel,Bultman,Chrystel.Bultman@yopmail.com,Chrystel.Bultman@gmail.com,doctor
174,Gisela,Erlandson,Gisela.Erlandson@yopmail.com,Gisela.Erlandson@gmail.com,doctor
175,Nita,Winnick,Nita.Winnick@yopmail.com,Nita.Winnick@gmail.com,worker
176,Cordi,Zrike,Cordi.Zrike@yopmail.com,Cordi.Zrike@gmail.com,developer
177,Dotty,Sancho,Dotty.Sancho@yopmail.com,Dotty.Sancho@gmail.com,worker
178,Felice,Alfons,Felice.Alfons@yopmail.com,Felice.Alfons@gmail.com,firefighter
179,Yvonne,McGrody,Yvonne.McGrody@yopmail.com,Yvonne.McGrody@gmail.com,developer
180,Cyb,Secrest,Cyb.Secrest@yopmail.com,Cyb.Secrest@gmail.com,police officer
181,Janis,Lilybelle,Janis.Lilybelle@yopmail.com,Janis.Lilybelle@gmail.com,doctor
182,Adelle,Bates,Adelle.Bates@yopmail.com,Adelle.Bates@gmail.com,police officer
183,Viki,Carvey,Viki.Carvey@yopmail.com,Viki.Carvey@gmail.com,doctor
184,Gertrud,Chauncey,Gertrud.Chauncey@yopmail.com,Gertrud.Chauncey@gmail.com,worker
185,Moyna,Lindemann,Moyna.Lindemann@yopmail.com,Moyna.Lindemann@gmail.com,doctor
186,Dania,Cynar,Dania.Cynar@yopmail.com,Dania.Cynar@gmail.com,developer
187,Amalie,Shaddock,Amalie.Shaddock@yopmail.com,Amalie.Shaddock@gmail.com,firefighter
188,Veda,Amethist,Veda.Amethist@yopmail.com,Veda.Amethist@gmail.com,firefighter
189,Cristabel,Henrie,Cristabel.Henrie@yopmail.com,Cristabel.Henrie@gmail.com,worker
190,Kirstin,Urania,Kirstin.Urania@yopmail.com,Kirstin.Urania@gmail.com,developer
191,Raquela,Olin,Raquela.Olin@yopmail.com,Raquela.Olin@gmail.com,developer
192,Rosanne,Fadiman,Rosanne.Fadiman@yopmail.com,Rosanne.Fadiman@gmail.com,doctor
193,Sharai,Bennie,Sharai.Bennie@yopmail.com,Sharai.Bennie@gmail.com,police officer
194,Kellen,Israeli,Kellen.Israeli@yopmail.com,Kellen.Israeli@gmail.com,firefighter
195,Dari,Sikorski,Dari.Sikorski@yopmail.com,Dari.Sikorski@gmail.com,doctor
196,Bee,Pyle,Bee.Pyle@yopmail.com,Bee.Pyle@gmail.com,developer
197,Cristabel,Charmine,Cristabel.Charmine@yopmail.com,Cristabel.Charmine@gmail.com,police officer
198,Perry,Esmaria,Perry.Esmaria@yopmail.com,Perry.Esmaria@gmail.com,worker
199,Leontine,Jaylene,Leontine.Jaylene@yopmail.com,Leontine.Jaylene@gmail.com,firefighter
200,Kristan,Kress,Kristan.Kress@yopmail.com,Kristan.Kress@gmail.com,worker
201,Jenda,Albertine,Jenda.Albertine@yopmail.com,Jenda.Albertine@gmail.com,worker
202,Jinny,Monaco,Jinny.Monaco@yopmail.com,Jinny.Monaco@gmail.com,police officer
203,Shel,Lubin,Shel.Lubin@yopmail.com,Shel.Lubin@gmail.com,worker
204,Veda,Irmine,Veda.Irmine@yopmail.com,Veda.Irmine@gmail.com,developer
205,Lynea,Ax,Lynea.Ax@yopmail.com,Lynea.Ax@gmail.com,firefighter
206,Natka,Rossner,Natka.Rossner@yopmail.com,Natka.Rossner@gmail.com,police officer
207,Evita,Knowling,Evita.Knowling@yopmail.com,Evita.Knowling@gmail.com,firefighter
208,Jemie,Skurnik,Jemie.Skurnik@yopmail.com,Jemie.Skurnik@gmail.com,worker
209,Shaine,Manolo,Shaine.Manolo@yopmail.com,Shaine.Manolo@gmail.com,firefighter
210,Fina,Meli,Fina.Meli@yopmail.com,Fina.Meli@gmail.com,worker
211,Monika,Tamsky,Monika.Tamsky@yopmail.com,Monika.Tamsky@gmail.com,doctor
212,Hildegaard,Mullane,Hildegaard.Mullane@yopmail.com,Hildegaard.Mullane@gmail.com,doctor
213,Nadine,Trey,Nadine.Trey@yopmail.com,Nadine.Trey@gmail.com,doctor
214,Shaylyn,Clarissa,Shaylyn.Clarissa@yopmail.com,Shaylyn.Clarissa@gmail.com,doctor
215,Marnia,Whiffen,Marnia.Whiffen@yopmail.com,Marnia.Whiffen@gmail.com,developer
216,Doralynne,Ruvolo,Doralynne.Ruvolo@yopmail.com,Doralynne.Ruvolo@gmail.com,police officer
217,Nerta,Lucienne,Nerta.Lucienne@yopmail.com,Nerta.Lucienne@gmail.com,police officer
218,Ronna,Chapland,Ronna.Chapland@yopmail.com,Ronna.Chapland@gmail.com,doctor
219,Sidoney,Chauncey,Sidoney.Chauncey@yopmail.com,Sidoney.Chauncey@gmail.com,police officer
220,Katharina,Gladstone,Katharina.Gladstone@yopmail.com,Katharina.Gladstone@gmail.com,firefighter
221,Blondelle,Corilla,Blondelle.Corilla@yopmail.com,Blondelle.Corilla@gmail.com,police officer
222,Ericka,Leonard,Ericka.Leonard@yopmail.com,Ericka.Leonard@gmail.com,police officer
223,Merci,Tamar,Merci.Tamar@yopmail.com,Merci.Tamar@gmail.com,developer
224,Lory,Revkah,Lory.Revkah@yopmail.com,Lory.Revkah@gmail.com,firefighter
225,Ulrike,Kunin,Ulrike.Kunin@yopmail.com,Ulrike.Kunin@gmail.com,worker
226,Leona,Felecia,Leona.Felecia@yopmail.com,Leona.Felecia@gmail.com,worker
227,Lizzie,Felizio,Lizzie.Felizio@yopmail.com,Lizzie.Felizio@gmail.com,firefighter
228,Karina,Hepsibah,Karina.Hepsibah@yopmail.com,Karina.Hepsibah@gmail.com,police officer
229,Ninnetta,Demitria,Ninnetta.Demitria@yopmail.com,Ninnetta.Demitria@gmail.com,police officer
230,Cristabel,Kirbee,Cristabel.Kirbee@yopmail.com,Cristabel.Kirbee@gmail.com,worker
231,Tina,Kelula,Tina.Kelula@yopmail.com,Tina.Kelula@gmail.com,worker
232,Sarette,Roscoe,Sarette.Roscoe@yopmail.com,Sarette.Roscoe@gmail.com,doctor
233,Nerta,Ethban,Nerta.Ethban@yopmail.com,Nerta.Ethban@gmail.com,developer
234,Corly,Peti,Corly.Peti@yopmail.com,Corly.Peti@gmail.com,developer
235,Carlie,Helfand,Carlie.Helfand@yopmail.com,Carlie.Helfand@gmail.com,police officer
236,Gwenneth,Sisile,Gwenneth.Sisile@yopmail.com,Gwenneth.Sisile@gmail.com,worker
237,Demetris,Johanna,Demetris.Johanna@yopmail.com,Demetris.Johanna@gmail.com,firefighter
238,Paulita,Kare,Paulita.Kare@yopmail.com,Paulita.Kare@gmail.com,developer
239,Sarette,Prouty,Sarette.Prouty@yopmail.com,Sarette.Prouty@gmail.com,worker
240,Paulita,Leonard,Paulita.Leonard@yopmail.com,Paulita.Leonard@gmail.com,worker
241,Clo,Vastah,Clo.Vastah@yopmail.com,Clo.Vastah@gmail.com,developer
242,Trudie,Leffen,Trudie.Leffen@yopmail.com,Trudie.Leffen@gmail.com,worker
243,Brynna,Bartlett,Brynna.Bartlett@yopmail.com,Brynna.Bartlett@gmail.com,doctor
244,Helena,Voletta,Helena.Voletta@yopmail.com,Helena.Voletta@gmail.com,police officer
245,Gratia,Plato,Gratia.Plato@yopmail.com,Gratia.Plato@gmail.com,worker
246,Cassandra,Grosz,Cassandra.Grosz@yopmail.com,Cassandra.Grosz@gmail.com,worker
247,Nollie,Goldina,Nollie.Goldina@yopmail.com,Nollie.Goldina@gmail.com,developer
248,Di,Laverne,Di.Laverne@yopmail.com,Di.Laverne@gmail.com,firefighter
249,Linzy,Kare,Linzy.Kare@yopmail.com,Linzy.Kare@gmail.com,police officer
250,Lily,Bibi,Lily.Bibi@yopmail.com,Lily.Bibi@gmail.com,developer
251,Beverley,Emmaline,Beverley.Emmaline@yopmail.com,Beverley.Emmaline@gmail.com,doctor
252,Philis,Cookie,Philis.Cookie@yopmail.com,Philis.Cookie@gmail.com,doctor
253,Clementine,Vary,Clementine.Vary@yopmail.com,Clementine.Vary@gmail.com,firefighter
254,Shaylyn,Lamoree,Shaylyn.Lamoree@yopmail.com,Shaylyn.Lamoree@gmail.com,developer
255,Lauryn,Hillel,Lauryn.Hillel@yopmail.com,Lauryn.Hillel@gmail.com,firefighter
256,Lila,Nelsen,Lila.Nelsen@yopmail.com,Lila.Nelsen@gmail.com,worker
257,Hildegaard,Remmer,Hildegaard.Remmer@yopmail.com,Hildegaard.Remmer@gmail.com,police officer
258,Emma,Chauncey,Emma.Chauncey@yopmail.com,Emma.Chauncey@gmail.com,firefighter
259,Mellicent,Plato,Mellicent.Plato@yopmail.com,Mellicent.Plato@gmail.com,police officer
260,Jolyn,Goerke,Jolyn.Goerke@yopmail.com,Jolyn.Goerke@gmail.com,doctor
261,Maridel,Harned,Maridel.Harned@yopmail.com,Maridel.Harned@gmail.com,developer
262,Linet,Horan,Linet.Horan@yopmail.com,Linet.Horan@gmail.com,developer
263,Ana,Bohlin,Ana.Bohlin@yopmail.com,Ana.Bohlin@gmail.com,police officer
264,Kathy,Nance,Kathy.Nance@yopmail.com,Kathy.Nance@gmail.com,police officer
265,Meghann,Bettine,Meghann.Bettine@yopmail.com,Meghann.Bettine@gmail.com,firefighter
266,Paule,Haerr,Paule.Haerr@yopmail.com,Paule.Haerr@gmail.com,firefighter
267,Regina,Vittoria,Regina.Vittoria@yopmail.com,Regina.Vittoria@gmail.com,doctor
268,Clary,Edmund,Clary.Edmund@yopmail.com,Clary.Edmund@gmail.com,firefighter
269,Robbi,Odysseus,Robbi.Odysseus@yopmail.com,Robbi.Odysseus@gmail.com,doctor
270,Ann-Marie,Lattie,Ann-Marie.Lattie@yopmail.com,Ann-Marie.Lattie@gmail.com,developer
271,Candy,Dowski,Candy.Dowski@yopmail.com,Candy.Dowski@gmail.com,firefighter
272,Chere,Liebermann,Chere.Liebermann@yopmail.com,Chere.Liebermann@gmail.com,doctor
273,Teddie,Pyle,Teddie.Pyle@yopmail.com,Teddie.Pyle@gmail.com,police officer
274,Caritta,Guthrie,Caritta.Guthrie@yopmail.com,Caritta.Guthrie@gmail.com,worker
275,Leia,Haymes,Leia.Haymes@yopmail.com,Leia.Haymes@gmail.com,firefighter
276,Modestia,Narton,Modestia.Narton@yopmail.com,Modestia.Narton@gmail.com,police officer
277,Lilith,Barrus,Lilith.Barrus@yopmail.com,Lilith.Barrus@gmail.com,developer
278,Gui,Hoban,Gui.Hoban@yopmail.com,Gui.Hoban@gmail.com,worker
279,Shel,Kiyoshi,Shel.Kiyoshi@yopmail.com,Shel.Kiyoshi@gmail.com,police officer
280,Teddie,Felizio,Teddie.Felizio@yopmail.com,Teddie.Felizio@gmail.com,doctor
281,Damaris,Graig,Damaris.Graig@yopmail.com,Damaris.Graig@gmail.com,police officer
282,Lucy,Chinua,Lucy.Chinua@yopmail.com,Lucy.Chinua@gmail.com,police officer
283,Sue,Jethro,Sue.Jethro@yopmail.com,Sue.Jethro@gmail.com,doctor
284,Carlie,Damarra,Carlie.Damarra@yopmail.com,Carlie.Damarra@gmail.com,developer
285,Liana,Swanhildas,Liana.Swanhildas@yopmail.com,Liana.Swanhildas@gmail.com,worker
286,Joleen,Kravits,Joleen.Kravits@yopmail.com,Joleen.Kravits@gmail.com,doctor
287,Leia,Emmy,Leia.Emmy@yopmail.com,Leia.Emmy@gmail.com,police officer
288,Albertina,Nikaniki,Albertina.Nikaniki@yopmail.com,Albertina.Nikaniki@gmail.com,worker
289,Jillayne,Euridice,Jillayne.Euridice@yopmail.com,Jillayne.Euridice@gmail.com,doctor
290,Orelia,Lucienne,Orelia.Lucienne@yopmail.com,Orelia.Lucienne@gmail.com,developer
291,Janenna,Kaete,Janenna.Kaete@yopmail.com,Janenna.Kaete@gmail.com,police officer
292,Dolli,Chabot,Dolli.Chabot@yopmail.com,Dolli.Chabot@gmail.com,police officer
293,Corina,Hessler,Corina.Hessler@yopmail.com,Corina.Hessler@gmail.com,firefighter
294,Ruthe,Raffo,Ruthe.Raffo@yopmail.com,Ruthe.Raffo@gmail.com,police officer
295,Heddie,Bonucci,Heddie.Bonucci@yopmail.com,Heddie.Bonucci@gmail.com,police officer
296,Heddie,Ezar,Heddie.Ezar@yopmail.com,Heddie.Ezar@gmail.com,firefighter
297,Rosanne,Camden,Rosanne.Camden@yopmail.com,Rosanne.Camden@gmail.com,worker
298,Deloria,Fitzsimmons,Deloria.Fitzsimmons@yopmail.com,Deloria.Fitzsimmons@gmail.com,police officer
299,Emylee,Thar,Emylee.Thar@yopmail.com,Emylee.Thar@gmail.com,firefighter
300,Noelle,Chauncey,Noelle.Chauncey@yopmail.com,Noelle.Chauncey@gmail.com,firefighter
301,Esmeralda,Aurelio,Esmeralda.Aurelio@yopmail.com,Esmeralda.Aurelio@gmail.com,doctor
302,Janis,Thar,Janis.Thar@yopmail.com,Janis.Thar@gmail.com,worker
303,Jinny,Saunderson,Jinny.Saunderson@yopmail.com,Jinny.Saunderson@gmail.com,developer
304,Dacia,Pearse,Dacia.Pearse@yopmail.com,Dacia.Pearse@gmail.com,firefighter
305,Mireielle,Ophelia,Mireielle.Ophelia@yopmail.com,Mireielle.Ophelia@gmail.com,doctor
306,Fina,Lindemann,Fina.Lindemann@yopmail.com,Fina.Lindemann@gmail.com,police officer
307,Jessamyn,Jethro,Jessamyn.Jethro@yopmail.com,Jessamyn.Jethro@gmail.com,police officer
308,Viviene,Glenden,Viviene.Glenden@yopmail.com,Viviene.Glenden@gmail.com,developer
309,Phedra,Malvino,Phedra.Malvino@yopmail.com,Phedra.Malvino@gmail.com,worker
310,Gilligan,Bearnard,Gilligan.Bearnard@yopmail.com,Gilligan.Bearnard@gmail.com,worker
311,Myriam,Virgin,Myriam.Virgin@yopmail.com,Myriam.Virgin@gmail.com,developer
312,Asia,Clie,Asia.Clie@yopmail.com,Asia.Clie@gmail.com,developer
313,Sissy,Marcellus,Sissy.Marcellus@yopmail.com,Sissy.Marcellus@gmail.com,doctor
314,Celestyna,Hurley,Celestyna.Hurley@yopmail.com,Celestyna.Hurley@gmail.com,doctor
315,Lynnea,Barbey,Lynnea.Barbey@yopmail.com,Lynnea.Barbey@gmail.com,doctor
316,Taffy,Bollay,Taffy.Bollay@yopmail.com,Taffy.Bollay@gmail.com,firefighter
317,Ashlee,Gaulin,Ashlee.Gaulin@yopmail.com,Ashlee.Gaulin@gmail.com,police officer
318,Lyssa,Wiener,Lyssa.Wiener@yopmail.com,Lyssa.Wiener@gmail.com,developer
319,Janeczka,Levey,Janeczka.Levey@yopmail.com,Janeczka.Levey@gmail.com,firefighter
320,Jasmina,Montgomery,Jasmina.Montgomery@yopmail.com,Jasmina.Montgomery@gmail.com,police officer
321,Gloria,Tillford,Gloria.Tillford@yopmail.com,Gloria.Tillford@gmail.com,worker
322,Melodie,Torray,Melodie.Torray@yopmail.com,Melodie.Torray@gmail.com,worker
323,Sam,Ogren,Sam.Ogren@yopmail.com,Sam.Ogren@gmail.com,worker
324,Fernande,Diogenes,Fernande.Diogenes@yopmail.com,Fernande.Diogenes@gmail.com,police officer
325,Emmey,Brady,Emmey.Brady@yopmail.com,Emmey.Brady@gmail.com,worker
326,Kylynn,Carey,Kylynn.Carey@yopmail.com,Kylynn.Carey@gmail.com,developer
327,Atlanta,Kamaria,Atlanta.Kamaria@yopmail.com,Atlanta.Kamaria@gmail.com,police officer
328,Celisse,Erskine,Celisse.Erskine@yopmail.com,Celisse.Erskine@gmail.com,police officer
329,Maye,Zachary,Maye.Zachary@yopmail.com,Maye.Zachary@gmail.com,doctor
330,Roz,Orelee,Roz.Orelee@yopmail.com,Roz.Orelee@gmail.com,developer
331,Sallie,Emmaline,Sallie.Emmaline@yopmail.com,Sallie.Emmaline@gmail.com,police officer
332,Dyann,Harned,Dyann.Harned@yopmail.com,Dyann.Harned@gmail.com,developer
333,Flory,Lory,Flory.Lory@yopmail.com,Flory.Lory@gmail.com,developer
334,Miquela,Merna,Miquela.Merna@yopmail.com,Miquela.Merna@gmail.com,developer
335,Sara-Ann,Ephrem,Sara-Ann.Ephrem@yopmail.com,Sara-Ann.Ephrem@gmail.com,worker
336,Josephine,Stevy,Josephine.Stevy@yopmail.com,Josephine.Stevy@gmail.com,firefighter
337,Ernesta,Joseph,Ernesta.Joseph@yopmail.com,Ernesta.Joseph@gmail.com,doctor
338,Konstance,Arquit,Konstance.Arquit@yopmail.com,Konstance.Arquit@gmail.com,worker
339,Nonnah,Stelle,Nonnah.Stelle@yopmail.com,Nonnah.Stelle@gmail.com,developer
340,Briney,Gregrory,Briney.Gregrory@yopmail.com,Briney.Gregrory@gmail.com,worker
341,Arabel,Adalbert,Arabel.Adalbert@yopmail.com,Arabel.Adalbert@gmail.com,police officer
342,Adele,Amand,Adele.Amand@yopmail.com,Adele.Amand@gmail.com,worker
343,Kassey,Merell,Kassey.Merell@yopmail.com,Kassey.Merell@gmail.com,firefighter
344,Brooks,Kellby,Brooks.Kellby@yopmail.com,Brooks.Kellby@gmail.com,worker
345,Delilah,Ries,Delilah.Ries@yopmail.com,Delilah.Ries@gmail.com,worker
346,Talya,Sparhawk,Talya.Sparhawk@yopmail.com,Talya.Sparhawk@gmail.com,doctor
347,Ginnie,Aaberg,Ginnie.Aaberg@yopmail.com,Ginnie.Aaberg@gmail.com,doctor
348,Hallie,Tufts,Hallie.Tufts@yopmail.com,Hallie.Tufts@gmail.com,doctor
349,Selma,Sholley,Selma.Sholley@yopmail.com,Selma.Sholley@gmail.com,developer
350,Livvyy,Alabaster,Livvyy.Alabaster@yopmail.com,Livvyy.Alabaster@gmail.com,doctor
351,Imojean,Odell,Imojean.Odell@yopmail.com,Imojean.Odell@gmail.com,worker
352,Elfreda,Torray,Elfreda.Torray@yopmail.com,Elfreda.Torray@gmail.com,firefighter
353,Blinni,Cullin,Blinni.Cullin@yopmail.com,Blinni.Cullin@gmail.com,firefighter
354,Alex,Harriman,Alex.Harriman@yopmail.com,Alex.Harriman@gmail.com,doctor
355,Amii,Brieta,Amii.Brieta@yopmail.com,Amii.Brieta@gmail.com,doctor
356,Paule,Ferrell,Paule.Ferrell@yopmail.com,Paule.Ferrell@gmail.com,firefighter
357,Lucy,Camden,Lucy.Camden@yopmail.com,Lucy.Camden@gmail.com,worker
358,Shell,Krystle,Shell.Krystle@yopmail.com,Shell.Krystle@gmail.com,worker
359,Taffy,Lunsford,Taffy.Lunsford@yopmail.com,Taffy.Lunsford@gmail.com,doctor
360,Rani,Nadia,Rani.Nadia@yopmail.com,Rani.Nadia@gmail.com,developer
361,Vivia,Kaete,Vivia.Kaete@yopmail.com,Vivia.Kaete@gmail.com,police officer
362,Estell,Zuzana,Estell.Zuzana@yopmail.com,Estell.Zuzana@gmail.com,worker
363,Ardys,Doig,Ardys.Doig@yopmail.com,Ardys.Doig@gmail.com,worker
364,Luci,Estella,Luci.Estella@yopmail.com,Luci.Estella@gmail.com,firefighter
365,Allis,Herrera,Allis.Herrera@yopmail.com,Allis.Herrera@gmail.com,police officer
366,Clarice,Karna,Clarice.Karna@yopmail.com,Clarice.Karna@gmail.com,firefighter
367,Fawne,Lasley,Fawne.Lasley@yopmail.com,Fawne.Lasley@gmail.com,worker
368,Nelle,Daniele,Nelle.Daniele@yopmail.com,Nelle.Daniele@gmail.com,doctor
369,Dione,Goldina,Dione.Goldina@yopmail.com,Dione.Goldina@gmail.com,worker
370,Ruthe,Pelagias,Ruthe.Pelagias@yopmail.com,Ruthe.Pelagias@gmail.com,police officer
371,Merci,Narton,Merci.Narton@yopmail.com,Merci.Narton@gmail.com,firefighter
372,Lizzie,Cutlerr,Lizzie.Cutlerr@yopmail.com,Lizzie.Cutlerr@gmail.com,worker
373,Jemie,Louanna,Jemie.Louanna@yopmail.com,Jemie.Louanna@gmail.com,firefighter
374,Courtnay,Vale,Courtnay.Vale@yopmail.com,Courtnay.Vale@gmail.com,doctor
375,Dorothy,Selway,Dorothy.Selway@yopmail.com,Dorothy.Selway@gmail.com,doctor
376,Mallory,Raul,Mallory.Raul@yopmail.com,Mallory.Raul@gmail.com,developer
377,Averyl,Vanni,Averyl.Vanni@yopmail.com,Averyl.Vanni@gmail.com,doctor
378,Jordan,Grayce,Jordan.Grayce@yopmail.com,Jordan.Grayce@gmail.com,doctor
379,Grier,Hewitt,Grier.Hewitt@yopmail.com,Grier.Hewitt@gmail.com,firefighter
380,Etta,Verger,Etta.Verger@yopmail.com,Etta.Verger@gmail.com,doctor
381,Concettina,Bari,Concettina.Bari@yopmail.com,Concettina.Bari@gmail.com,doctor
382,Taffy,Nerita,Taffy.Nerita@yopmail.com,Taffy.Nerita@gmail.com,worker
383,Mathilda,Jaylene,Mathilda.Jaylene@yopmail.com,Mathilda.Jaylene@gmail.com,firefighter
384,Feliza,Ochs,Feliza.Ochs@yopmail.com,Feliza.Ochs@gmail.com,police officer
385,Ursulina,Timon,Ursulina.Timon@yopmail.com,Ursulina.Timon@gmail.com,police officer
386,Judy,Elvyn,Judy.Elvyn@yopmail.com,Judy.Elvyn@gmail.com,worker
387,Libbie,Bashemeth,Libbie.Bashemeth@yopmail.com,Libbie.Bashemeth@gmail.com,developer
388,Gianina,Melony,Gianina.Melony@yopmail.com,Gianina.Melony@gmail.com,developer
389,Ilse,Gerge,Ilse.Gerge@yopmail.com,Ilse.Gerge@gmail.com,firefighter
390,Ardenia,Auberbach,Ardenia.Auberbach@yopmail.com,Ardenia.Auberbach@gmail.com,doctor
391,Paulita,Edee,Paulita.Edee@yopmail.com,Paulita.Edee@gmail.com,worker
392,Fina,Erminia,Fina.Erminia@yopmail.com,Fina.Erminia@gmail.com,worker
393,Fina,Rosalba,Fina.Rosalba@yopmail.com,Fina.Rosalba@gmail.com,police officer
394,Allis,Lilas,Allis.Lilas@yopmail.com,Allis.Lilas@gmail.com,developer
395,Chloris,Ephrem,Chloris.Ephrem@yopmail.com,Chloris.Ephrem@gmail.com,developer
396,Janenna,Phaidra,Janenna.Phaidra@yopmail.com,Janenna.Phaidra@gmail.com,police officer
397,Adriana,Podvin,Adriana.Podvin@yopmail.com,Adriana.Podvin@gmail.com,worker
398,Sharai,Tayib,Sharai.Tayib@yopmail.com,Sharai.Tayib@gmail.com,police officer
399,Karlee,Trinetta,Karlee.Trinetta@yopmail.com,Karlee.Trinetta@gmail.com,police officer
400,Betta,Pond,Betta.Pond@yopmail.com,Betta.Pond@gmail.com,doctor
401,Selma,Naashom,Selma.Naashom@yopmail.com,Selma.Naashom@gmail.com,worker
402,Cyndie,Macey,Cyndie.Macey@yopmail.com,Cyndie.Macey@gmail.com,firefighter
403,Trudie,Danby,Trudie.Danby@yopmail.com,Trudie.Danby@gmail.com,worker
404,Binny,Suzetta,Binny.Suzetta@yopmail.com,Binny.Suzetta@gmail.com,doctor
405,Joane,Cloris,Joane.Cloris@yopmail.com,Joane.Cloris@gmail.com,police officer
406,Pierette,Mott,Pierette.Mott@yopmail.com,Pierette.Mott@gmail.com,developer
407,Ariela,Fosque,Ariela.Fosque@yopmail.com,Ariela.Fosque@gmail.com,firefighter
408,Frieda,Voletta,Frieda.Voletta@yopmail.com,Frieda.Voletta@gmail.com,developer
409,Eadie,Tatianas,Eadie.Tatianas@yopmail.com,Eadie.Tatianas@gmail.com,firefighter
410,Nita,Strephon,Nita.Strephon@yopmail.com,Nita.Strephon@gmail.com,police officer
411,Cathyleen,Weitman,Cathyleen.Weitman@yopmail.com,Cathyleen.Weitman@gmail.com,police officer
412,Raquela,Chabot,Raquela.Chabot@yopmail.com,Raquela.Chabot@gmail.com,doctor
413,Abbie,Milde,Abbie.Milde@yopmail.com,Abbie.Milde@gmail.com,firefighter
414,Caritta,Ellord,Caritta.Ellord@yopmail.com,Caritta.Ellord@gmail.com,worker
415,Elie,Fontana,Elie.Fontana@yopmail.com,Elie.Fontana@gmail.com,worker
416,Ivett,Masao,Ivett.Masao@yopmail.com,Ivett.Masao@gmail.com,developer
417,Nita,Cottle,Nita.Cottle@yopmail.com,Nita.Cottle@gmail.com,worker
418,Jenilee,Morgun,Jenilee.Morgun@yopmail.com,Jenilee.Morgun@gmail.com,developer
419,Sissy,Raimondo,Sissy.Raimondo@yopmail.com,Sissy.Raimondo@gmail.com,police officer
420,Glynnis,Bivins,Glynnis.Bivins@yopmail.com,Glynnis.Bivins@gmail.com,doctor
421,Oona,Merna,Oona.Merna@yopmail.com,Oona.Merna@gmail.com,firefighter
422,Benita,Jess,Benita.Jess@yopmail.com,Benita.Jess@gmail.com,doctor
423,Britni,Othilia,Britni.Othilia@yopmail.com,Britni.Othilia@gmail.com,doctor
424,Lexine,Trey,Lexine.Trey@yopmail.com,Lexine.Trey@gmail.com,doctor
425,Ofilia,Charity,Ofilia.Charity@yopmail.com,Ofilia.Charity@gmail.com,firefighter
426,Yolane,Yoko,Yolane.Yoko@yopmail.com,Yolane.Yoko@gmail.com,worker
427,Julieta,Stacy,Julieta.Stacy@yopmail.com,Julieta.Stacy@gmail.com,police officer
428,Kenna,Waldron,Kenna.Waldron@yopmail.com,Kenna.Waldron@gmail.com,worker
429,Rubie,Gombach,Rubie.Gombach@yopmail.com,Rubie.Gombach@gmail.com,worker
430,Kerrin,Edvard,Kerrin.Edvard@yopmail.com,Kerrin.Edvard@gmail.com,police officer
431,Kathy,Bergman,Kathy.Bergman@yopmail.com,Kathy.Bergman@gmail.com,doctor
432,Yolane,Oriana,Yolane.Oriana@yopmail.com,Yolane.Oriana@gmail.com,firefighter
433,Lory,Pelagias,Lory.Pelagias@yopmail.com,Lory.Pelagias@gmail.com,worker
434,Judy,Iphlgenia,Judy.Iphlgenia@yopmail.com,Judy.Iphlgenia@gmail.com,developer
435,Heddie,Rhu,Heddie.Rhu@yopmail.com,Heddie.Rhu@gmail.com,developer
436,Gavrielle,Adore,Gavrielle.Adore@yopmail.com,Gavrielle.Adore@gmail.com,police officer
437,Allis,Freddi,Allis.Freddi@yopmail.com,Allis.Freddi@gmail.com,worker
438,Dorothy,Pandolfi,Dorothy.Pandolfi@yopmail.com,Dorothy.Pandolfi@gmail.com,firefighter
439,Betta,Kolnick,Betta.Kolnick@yopmail.com,Betta.Kolnick@gmail.com,worker
440,Nita,Havens,Nita.Havens@yopmail.com,Nita.Havens@gmail.com,firefighter
441,Cristabel,Waldron,Cristabel.Waldron@yopmail.com,Cristabel.Waldron@gmail.com,police officer
442,Carree,Engdahl,Carree.Engdahl@yopmail.com,Carree.Engdahl@gmail.com,worker
443,Nanete,Swigart,Nanete.Swigart@yopmail.com,Nanete.Swigart@gmail.com,developer
444,Tamqrah,Hedve,Tamqrah.Hedve@yopmail.com,Tamqrah.Hedve@gmail.com,developer
445,Morganica,Aldric,Morganica.Aldric@yopmail.com,Morganica.Aldric@gmail.com,firefighter
446,Gusella,Pitt,Gusella.Pitt@yopmail.com,Gusella.Pitt@gmail.com,police officer
447,Almeta,Michella,Almeta.Michella@yopmail.com,Almeta.Michella@gmail.com,developer
448,Belinda,Beniamino,Belinda.Beniamino@yopmail.com,Belinda.Beniamino@gmail.com,developer
449,Suzette,Anestassia,Suzette.Anestassia@yopmail.com,Suzette.Anestassia@gmail.com,police officer
450,Maridel,Isacco,Maridel.Isacco@yopmail.com,Maridel.Isacco@gmail.com,firefighter
451,Maud,Dex,Maud.Dex@yopmail.com,Maud.Dex@gmail.com,police officer
452,Hettie,Ralfston,Hettie.Ralfston@yopmail.com,Hettie.Ralfston@gmail.com,worker
453,Lelah,Shama,Lelah.Shama@yopmail.com,Lelah.Shama@gmail.com,worker
454,Raina,Martguerita,Raina.Martguerita@yopmail.com,Raina.Martguerita@gmail.com,doctor
455,Margette,Aurelio,Margette.Aurelio@yopmail.com,Margette.Aurelio@gmail.com,developer
456,Alyda,Cherianne,Alyda.Cherianne@yopmail.com,Alyda.Cherianne@gmail.com,firefighter
457,Amalie,Tippets,Amalie.Tippets@yopmail.com,Amalie.Tippets@gmail.com,developer
458,Laure,Jillane,Laure.Jillane@yopmail.com,Laure.Jillane@gmail.com,police officer
459,Heida,Kathie,Heida.Kathie@yopmail.com,Heida.Kathie@gmail.com,police officer
460,Eolanda,McClimans,Eolanda.McClimans@yopmail.com,Eolanda.McClimans@gmail.com,worker
461,Vonny,Kalinda,Vonny.Kalinda@yopmail.com,Vonny.Kalinda@gmail.com,firefighter
462,Dennie,An,Dennie.An@yopmail.com,Dennie.An@gmail.com,police officer
463,Sheree,Lowry,Sheree.Lowry@yopmail.com,Sheree.Lowry@gmail.com,firefighter
464,Georgetta,Cleavland,Georgetta.Cleavland@yopmail.com,Georgetta.Cleavland@gmail.com,police officer
465,Shauna,Philoo,Shauna.Philoo@yopmail.com,Shauna.Philoo@gmail.com,police officer
466,Mamie,Socha,Mamie.Socha@yopmail.com,Mamie.Socha@gmail.com,firefighter
467,Mureil,Wildermuth,Mureil.Wildermuth@yopmail.com,Mureil.Wildermuth@gmail.com,firefighter
468,Ursulina,Bertold,Ursulina.Bertold@yopmail.com,Ursulina.Bertold@gmail.com,worker
469,Eugine,Travax,Eugine.Travax@yopmail.com,Eugine.Travax@gmail.com,police officer
470,Ayn,Geffner,Ayn.Geffner@yopmail.com,Ayn.Geffner@gmail.com,police officer
471,Merci,Mandler,Merci.Mandler@yopmail.com,Merci.Mandler@gmail.com,firefighter
472,Claresta,Dorcy,Claresta.Dorcy@yopmail.com,Claresta.Dorcy@gmail.com,firefighter
473,Odessa,Stoller,Odessa.Stoller@yopmail.com,Odessa.Stoller@gmail.com,firefighter
474,Sybille,Tamsky,Sybille.Tamsky@yopmail.com,Sybille.Tamsky@gmail.com,developer
475,Harrietta,Isacco,Harrietta.Isacco@yopmail.com,Harrietta.Isacco@gmail.com,developer
476,Cristabel,Dermott,Cristabel.Dermott@yopmail.com,Cristabel.Dermott@gmail.com,worker
477,Steffane,Hollingsworth,Steffane.Hollingsworth@yopmail.com,Steffane.Hollingsworth@gmail.com,firefighter
478,Kittie,Thar,Kittie.Thar@yopmail.com,Kittie.Thar@gmail.com,worker
479,Merci,Regan,Merci.Regan@yopmail.com,Merci.Regan@gmail.com,doctor
480,Dorene,Scammon,Dorene.Scammon@yopmail.com,Dorene.Scammon@gmail.com,firefighter
481,Ayn,Donoghue,Ayn.Donoghue@yopmail.com,Ayn.Donoghue@gmail.com,police officer
482,Sharlene,Agle,Sharlene.Agle@yopmail.com,Sharlene.Agle@gmail.com,developer
483,Elena,Sholley,Elena.Sholley@yopmail.com,Elena.Sholley@gmail.com,developer
484,Gilligan,Toni,Gilligan.Toni@yopmail.com,Gilligan.Toni@gmail.com,police officer
485,Dode,Carolin,Dode.Carolin@yopmail.com,Dode.Carolin@gmail.com,worker
486,Calla,Philoo,Calla.Philoo@yopmail.com,Calla.Philoo@gmail.com,worker
487,Danika,Couture,Danika.Couture@yopmail.com,Danika.Couture@gmail.com,firefighter
488,Jenilee,Cosenza,Jenilee.Cosenza@yopmail.com,Jenilee.Cosenza@gmail.com,developer
489,Dolli,Colyer,Dolli.Colyer@yopmail.com,Dolli.Colyer@gmail.com,worker
490,Ashlee,Armanda,Ashlee.Armanda@yopmail.com,Ashlee.Armanda@gmail.com,police officer
491,Alameda,Jillane,Alameda.Jillane@yopmail.com,Alameda.Jillane@gmail.com,firefighter
492,Adelle,Berne,Adelle.Berne@yopmail.com,Adelle.Berne@gmail.com,doctor
493,Bernie,Iphlgenia,Bernie.Iphlgenia@yopmail.com,Bernie.Iphlgenia@gmail.com,worker
494,Kayla,Hewitt,Kayla.Hewitt@yopmail.com,Kayla.Hewitt@gmail.com,doctor
495,Paule,Kinnard,Paule.Kinnard@yopmail.com,Paule.Kinnard@gmail.com,police officer
496,Lanna,Toffic,Lanna.Toffic@yopmail.com,Lanna.Toffic@gmail.com,doctor
497,Vivia,Adore,Vivia.Adore@yopmail.com,Vivia.Adore@gmail.com,developer
498,Corene,Bethany,Corene.Bethany@yopmail.com,Corene.Bethany@gmail.com,worker
499,Mariann,Norvol,Mariann.Norvol@yopmail.com,Mariann.Norvol@gmail.com,worker
500,Anthia,Delacourt,Anthia.Delacourt@yopmail.com,Anthia.Delacourt@gmail.com,doctor
501,Linet,Jefferey,Linet.Jefferey@yopmail.com,Linet.Jefferey@gmail.com,worker
502,Heddie,Niccolo,Heddie.Niccolo@yopmail.com,Heddie.Niccolo@gmail.com,firefighter
503,Danika,Saree,Danika.Saree@yopmail.com,Danika.Saree@gmail.com,firefighter
504,Coral,Lowry,Coral.Lowry@yopmail.com,Coral.Lowry@gmail.com,doctor
505,Vinita,Wareing,Vinita.Wareing@yopmail.com,Vinita.Wareing@gmail.com,firefighter
506,Aaren,Duwalt,Aaren.Duwalt@yopmail.com,Aaren.Duwalt@gmail.com,worker
507,Kenna,Torray,Kenna.Torray@yopmail.com,Kenna.Torray@gmail.com,police officer
508,Talya,Vivle,Talya.Vivle@yopmail.com,Talya.Vivle@gmail.com,doctor
509,Selia,Kauppi,Selia.Kauppi@yopmail.com,Selia.Kauppi@gmail.com,doctor
510,Amalie,Revkah,Amalie.Revkah@yopmail.com,Amalie.Revkah@gmail.com,developer
511,Tierney,Poll,Tierney.Poll@yopmail.com,Tierney.Poll@gmail.com,doctor
512,Dorthy,Jagir,Dorthy.Jagir@yopmail.com,Dorthy.Jagir@gmail.com,doctor
513,Gertrud,Jehu,Gertrud.Jehu@yopmail.com,Gertrud.Jehu@gmail.com,doctor
514,Ileana,Bartlett,Ileana.Bartlett@yopmail.com,Ileana.Bartlett@gmail.com,worker
515,Hope,Chrystel,Hope.Chrystel@yopmail.com,Hope.Chrystel@gmail.com,firefighter
516,Melisent,Cavan,Melisent.Cavan@yopmail.com,Melisent.Cavan@gmail.com,firefighter
517,Valeda,Jaylene,Valeda.Jaylene@yopmail.com,Valeda.Jaylene@gmail.com,worker
518,Madalyn,Flita,Madalyn.Flita@yopmail.com,Madalyn.Flita@gmail.com,worker
519,Deloria,Rebecka,Deloria.Rebecka@yopmail.com,Deloria.Rebecka@gmail.com,worker
520,Carly,Viddah,Carly.Viddah@yopmail.com,Carly.Viddah@gmail.com,police officer
521,Gwyneth,Rosette,Gwyneth.Rosette@yopmail.com,Gwyneth.Rosette@gmail.com,worker
522,Mureil,Artie,Mureil.Artie@yopmail.com,Mureil.Artie@gmail.com,firefighter
523,Karlee,Amethist,Karlee.Amethist@yopmail.com,Karlee.Amethist@gmail.com,worker
524,Lizzie,Kussell,Lizzie.Kussell@yopmail.com,Lizzie.Kussell@gmail.com,worker
525,Tybie,Kenney,Tybie.Kenney@yopmail.com,Tybie.Kenney@gmail.com,doctor
526,Meriel,Cornelia,Meriel.Cornelia@yopmail.com,Meriel.Cornelia@gmail.com,doctor
527,Sheree,Dimitris,Sheree.Dimitris@yopmail.com,Sheree.Dimitris@gmail.com,doctor
528,Suzette,Elisha,Suzette.Elisha@yopmail.com,Suzette.Elisha@gmail.com,doctor
529,Lisette,Desai,Lisette.Desai@yopmail.com,Lisette.Desai@gmail.com,developer
530,Stacey,O'Rourke,Stacey.O'Rourke@yopmail.com,Stacey.O'Rourke@gmail.com,firefighter
531,Donnie,Haldas,Donnie.Haldas@yopmail.com,Donnie.Haldas@gmail.com,police officer
532,Madelle,Tannie,Madelle.Tannie@yopmail.com,Madelle.Tannie@gmail.com,firefighter
533,Glenda,Rugen,Glenda.Rugen@yopmail.com,Glenda.Rugen@gmail.com,worker
534,Arlina,Natica,Arlina.Natica@yopmail.com,Arlina.Natica@gmail.com,developer
535,Harrietta,Ventre,Harrietta.Ventre@yopmail.com,Harrietta.Ventre@gmail.com,police officer
536,Layla,Si,Layla.Si@yopmail.com,Layla.Si@gmail.com,firefighter
537,Tiffie,Sherrie,Tiffie.Sherrie@yopmail.com,Tiffie.Sherrie@gmail.com,police officer
538,Annabela,Schenck,Annabela.Schenck@yopmail.com,Annabela.Schenck@gmail.com,doctor
539,Leia,Astra,Leia.Astra@yopmail.com,Leia.Astra@gmail.com,doctor
540,Vonny,Mintz,Vonny.Mintz@yopmail.com,Vonny.Mintz@gmail.com,firefighter
541,Vivia,Harriman,Vivia.Harriman@yopmail.com,Vivia.Harriman@gmail.com,firefighter
542,Donnie,Reinke,Donnie.Reinke@yopmail.com,Donnie.Reinke@gmail.com,police officer
543,Antonietta,Konyn,Antonietta.Konyn@yopmail.com,Antonietta.Konyn@gmail.com,doctor
544,Bernie,Nance,Bernie.Nance@yopmail.com,Bernie.Nance@gmail.com,worker
545,Perry,Jess,Perry.Jess@yopmail.com,Perry.Jess@gmail.com,developer
546,Chrystel,Darbie,Chrystel.Darbie@yopmail.com,Chrystel.Darbie@gmail.com,worker
547,Aili,Sothena,Aili.Sothena@yopmail.com,Aili.Sothena@gmail.com,doctor
548,Larine,Dorcy,Larine.Dorcy@yopmail.com,Larine.Dorcy@gmail.com,firefighter
549,Tami,Sheng,Tami.Sheng@yopmail.com,Tami.Sheng@gmail.com,developer
550,Doralynne,Stav,Doralynne.Stav@yopmail.com,Doralynne.Stav@gmail.com,firefighter
551,Suzette,Colbert,Suzette.Colbert@yopmail.com,Suzette.Colbert@gmail.com,worker
552,Tatiania,Zina,Tatiania.Zina@yopmail.com,Tatiania.Zina@gmail.com,firefighter
553,Paola,Ries,Paola.Ries@yopmail.com,Paola.Ries@gmail.com,worker
554,Rozele,Claudine,Rozele.Claudine@yopmail.com,Rozele.Claudine@gmail.com,doctor
555,Nyssa,Aprile,Nyssa.Aprile@yopmail.com,Nyssa.Aprile@gmail.com,developer
556,Feliza,Dannye,Feliza.Dannye@yopmail.com,Feliza.Dannye@gmail.com,worker
557,Florencia,Waldron,Florencia.Waldron@yopmail.com,Florencia.Waldron@gmail.com,police officer
558,Moyna,Karylin,Moyna.Karylin@yopmail.com,Moyna.Karylin@gmail.com,worker
559,Arlina,Hylan,Arlina.Hylan@yopmail.com,Arlina.Hylan@gmail.com,police officer
560,Harmonia,Carri,Harmonia.Carri@yopmail.com,Harmonia.Carri@gmail.com,police officer
561,Justinn,Jenness,Justinn.Jenness@yopmail.com,Justinn.Jenness@gmail.com,doctor
562,Kristina,Kronfeld,Kristina.Kronfeld@yopmail.com,Kristina.Kronfeld@gmail.com,police officer
563,Magdalena,Grimbly,Magdalena.Grimbly@yopmail.com,Magdalena.Grimbly@gmail.com,firefighter
564,Cathie,Saree,Cathie.Saree@yopmail.com,Cathie.Saree@gmail.com,worker
565,Mignon,Maryanne,Mignon.Maryanne@yopmail.com,Mignon.Maryanne@gmail.com,doctor
566,Dyann,Germann,Dyann.Germann@yopmail.com,Dyann.Germann@gmail.com,worker
567,Alleen,Ajay,Alleen.Ajay@yopmail.com,Alleen.Ajay@gmail.com,worker
568,Merrie,Ralfston,Merrie.Ralfston@yopmail.com,Merrie.Ralfston@gmail.com,police officer
569,Goldie,Joni,Goldie.Joni@yopmail.com,Goldie.Joni@gmail.com,worker
570,Karlee,Gahl,Karlee.Gahl@yopmail.com,Karlee.Gahl@gmail.com,police officer
571,Gabi,Nelsen,Gabi.Nelsen@yopmail.com,Gabi.Nelsen@gmail.com,doctor
572,Shandie,Uird,Shandie.Uird@yopmail.com,Shandie.Uird@gmail.com,firefighter
573,Ann-Marie,Adore,Ann-Marie.Adore@yopmail.com,Ann-Marie.Adore@gmail.com,firefighter
574,Kelly,Philoo,Kelly.Philoo@yopmail.com,Kelly.Philoo@gmail.com,doctor
575,Janis,Nicoline,Janis.Nicoline@yopmail.com,Janis.Nicoline@gmail.com,worker
576,Bee,Allina,Bee.Allina@yopmail.com,Bee.Allina@gmail.com,police officer
577,Philis,Lissi,Philis.Lissi@yopmail.com,Philis.Lissi@gmail.com,firefighter
578,Tierney,Sibyls,Tierney.Sibyls@yopmail.com,Tierney.Sibyls@gmail.com,firefighter
579,Trixi,Hashim,Trixi.Hashim@yopmail.com,Trixi.Hashim@gmail.com,police officer
580,Cherilyn,Andrel,Cherilyn.Andrel@yopmail.com,Cherilyn.Andrel@gmail.com,doctor
581,Christal,Iaverne,Christal.Iaverne@yopmail.com,Christal.Iaverne@gmail.com,developer
582,Roseline,Erb,Roseline.Erb@yopmail.com,Roseline.Erb@gmail.com,firefighter
583,Charlena,Vittoria,Charlena.Vittoria@yopmail.com,Charlena.Vittoria@gmail.com,firefighter
584,Meghann,Brittani,Meghann.Brittani@yopmail.com,Meghann.Brittani@gmail.com,developer
585,Chickie,Suzetta,Chickie.Suzetta@yopmail.com,Chickie.Suzetta@gmail.com,worker
586,Cherilyn,Zuzana,Cherilyn.Zuzana@yopmail.com,Cherilyn.Zuzana@gmail.com,police officer
587,Sam,Gemini,Sam.Gemini@yopmail.com,Sam.Gemini@gmail.com,firefighter
588,Stephanie,Dermott,Stephanie.Dermott@yopmail.com,Stephanie.Dermott@gmail.com,police officer
589,Shannah,Odysseus,Shannah.Odysseus@yopmail.com,Shannah.Odysseus@gmail.com,developer
590,Merry,Lenny,Merry.Lenny@yopmail.com,Merry.Lenny@gmail.com,developer
591,Hollie,Robertson,Hollie.Robertson@yopmail.com,Hollie.Robertson@gmail.com,doctor
592,Dulcinea,Fancie,Dulcinea.Fancie@yopmail.com,Dulcinea.Fancie@gmail.com,worker
593,Micheline,Bethany,Micheline.Bethany@yopmail.com,Micheline.Bethany@gmail.com,developer
594,Zaria,Anton,Zaria.Anton@yopmail.com,Zaria.Anton@gmail.com,developer
595,Orsola,Stelle,Orsola.Stelle@yopmail.com,Orsola.Stelle@gmail.com,worker
596,Jeanna,Bendick,Jeanna.Bendick@yopmail.com,Jeanna.Bendick@gmail.com,firefighter
597,Dyann,Alcott,Dyann.Alcott@yopmail.com,Dyann.Alcott@gmail.com,worker
598,Randa,Hazlett,Randa.Hazlett@yopmail.com,Randa.Hazlett@gmail.com,worker
599,Cyndie,Mendez,Cyndie.Mendez@yopmail.com,Cyndie.Mendez@gmail.com,firefighter
600,Belinda,Fry,Belinda.Fry@yopmail.com,Belinda.Fry@gmail.com,worker
601,Merci,Morgun,Merci.Morgun@yopmail.com,Merci.Morgun@gmail.com,developer
602,Lesly,Linskey,Lesly.Linskey@yopmail.com,Lesly.Linskey@gmail.com,police officer
603,Betta,Christine,Betta.Christine@yopmail.com,Betta.Christine@gmail.com,developer
604,Shandie,Buttaro,Shandie.Buttaro@yopmail.com,Shandie.Buttaro@gmail.com,doctor
605,Ricky,Cavan,Ricky.Cavan@yopmail.com,Ricky.Cavan@gmail.com,doctor
606,Queenie,Roxanna,Queenie.Roxanna@yopmail.com,Queenie.Roxanna@gmail.com,developer
607,Jessamyn,Cecile,Jessamyn.Cecile@yopmail.com,Jessamyn.Cecile@gmail.com,developer
608,Angela,Ietta,Angela.Ietta@yopmail.com,Angela.Ietta@gmail.com,police officer
609,Tonia,Wittie,Tonia.Wittie@yopmail.com,Tonia.Wittie@gmail.com,worker
610,Lilith,Kannry,Lilith.Kannry@yopmail.com,Lilith.Kannry@gmail.com,doctor
611,Roberta,Eliathas,Roberta.Eliathas@yopmail.com,Roberta.Eliathas@gmail.com,police officer
612,Gilda,Carolin,Gilda.Carolin@yopmail.com,Gilda.Carolin@gmail.com,developer
613,Doro,Japeth,Doro.Japeth@yopmail.com,Doro.Japeth@gmail.com,doctor
614,Ginnie,Georgy,Ginnie.Georgy@yopmail.com,Ginnie.Georgy@gmail.com,worker
615,Ginnie,Faust,Ginnie.Faust@yopmail.com,Ginnie.Faust@gmail.com,doctor
616,Korrie,Brunell,Korrie.Brunell@yopmail.com,Korrie.Brunell@gmail.com,firefighter
617,Hayley,Mayeda,Hayley.Mayeda@yopmail.com,Hayley.Mayeda@gmail.com,doctor
618,Corry,Riordan,Corry.Riordan@yopmail.com,Corry.Riordan@gmail.com,doctor
619,Orsola,Strephon,Orsola.Strephon@yopmail.com,Orsola.Strephon@gmail.com,firefighter
620,Marcy,Yate,Marcy.Yate@yopmail.com,Marcy.Yate@gmail.com,police officer
621,Fernande,Hazlett,Fernande.Hazlett@yopmail.com,Fernande.Hazlett@gmail.com,worker
622,Shirlee,Kannry,Shirlee.Kannry@yopmail.com,Shirlee.Kannry@gmail.com,firefighter
623,Elena,Macey,Elena.Macey@yopmail.com,Elena.Macey@gmail.com,doctor
624,Annora,Deny,Annora.Deny@yopmail.com,Annora.Deny@gmail.com,worker
625,Gui,Junie,Gui.Junie@yopmail.com,Gui.Junie@gmail.com,firefighter
626,Esmeralda,Iaverne,Esmeralda.Iaverne@yopmail.com,Esmeralda.Iaverne@gmail.com,firefighter
627,Corene,Sophronia,Corene.Sophronia@yopmail.com,Corene.Sophronia@gmail.com,firefighter
628,Vere,Izaak,Vere.Izaak@yopmail.com,Vere.Izaak@gmail.com,firefighter
629,Arabel,Ax,Arabel.Ax@yopmail.com,Arabel.Ax@gmail.com,firefighter
630,Helsa,Joachim,Helsa.Joachim@yopmail.com,Helsa.Joachim@gmail.com,firefighter
631,Pollyanna,Paine,Pollyanna.Paine@yopmail.com,Pollyanna.Paine@gmail.com,worker
632,Nyssa,Therine,Nyssa.Therine@yopmail.com,Nyssa.Therine@gmail.com,doctor
633,Doro,Gerge,Doro.Gerge@yopmail.com,Doro.Gerge@gmail.com,firefighter
634,Sophia,Eiser,Sophia.Eiser@yopmail.com,Sophia.Eiser@gmail.com,worker
635,Dolli,Levey,Dolli.Levey@yopmail.com,Dolli.Levey@gmail.com,doctor
636,Rosanne,Mathilde,Rosanne.Mathilde@yopmail.com,Rosanne.Mathilde@gmail.com,doctor
637,Vivia,Hachmin,Vivia.Hachmin@yopmail.com,Vivia.Hachmin@gmail.com,doctor
638,Myriam,Urania,Myriam.Urania@yopmail.com,Myriam.Urania@gmail.com,police officer
639,Jordan,Oneida,Jordan.Oneida@yopmail.com,Jordan.Oneida@gmail.com,developer
640,Isa,Kenwood,Isa.Kenwood@yopmail.com,Isa.Kenwood@gmail.com,worker
641,Claudina,Bartlett,Claudina.Bartlett@yopmail.com,Claudina.Bartlett@gmail.com,firefighter
642,Maisey,Jillane,Maisey.Jillane@yopmail.com,Maisey.Jillane@gmail.com,worker
643,Renae,Joli,Renae.Joli@yopmail.com,Renae.Joli@gmail.com,firefighter
644,Karlee,Niles,Karlee.Niles@yopmail.com,Karlee.Niles@gmail.com,police officer
645,Aryn,Lipson,Aryn.Lipson@yopmail.com,Aryn.Lipson@gmail.com,police officer
646,Gabi,Medrek,Gabi.Medrek@yopmail.com,Gabi.Medrek@gmail.com,police officer
647,Johna,Jillane,Johna.Jillane@yopmail.com,Johna.Jillane@gmail.com,firefighter
648,Kaja,Melan,Kaja.Melan@yopmail.com,Kaja.Melan@gmail.com,doctor
649,Corina,Marisa,Corina.Marisa@yopmail.com,Corina.Marisa@gmail.com,worker
650,Tressa,Desai,Tressa.Desai@yopmail.com,Tressa.Desai@gmail.com,police officer
651,Peri,Tryck,Peri.Tryck@yopmail.com,Peri.Tryck@gmail.com,worker
652,Penelopa,Florina,Penelopa.Florina@yopmail.com,Penelopa.Florina@gmail.com,police officer
653,Leia,Ulphia,Leia.Ulphia@yopmail.com,Leia.Ulphia@gmail.com,firefighter
654,Marguerite,Karl,Marguerite.Karl@yopmail.com,Marguerite.Karl@gmail.com,police officer
655,Marsiella,Hessler,Marsiella.Hessler@yopmail.com,Marsiella.Hessler@gmail.com,police officer
656,Rosaline,MacIntosh,Rosaline.MacIntosh@yopmail.com,Rosaline.MacIntosh@gmail.com,developer
657,Dania,Johanna,Dania.Johanna@yopmail.com,Dania.Johanna@gmail.com,developer
658,Sissy,Zitvaa,Sissy.Zitvaa@yopmail.com,Sissy.Zitvaa@gmail.com,developer
659,Larine,Edvard,Larine.Edvard@yopmail.com,Larine.Edvard@gmail.com,firefighter
660,Bibby,Bluh,Bibby.Bluh@yopmail.com,Bibby.Bluh@gmail.com,doctor
661,Camile,Clarissa,Camile.Clarissa@yopmail.com,Camile.Clarissa@gmail.com,firefighter
662,Myrtice,Johnsson,Myrtice.Johnsson@yopmail.com,Myrtice.Johnsson@gmail.com,police officer
663,Dolli,Mich,Dolli.Mich@yopmail.com,Dolli.Mich@gmail.com,firefighter
664,Rubie,Yerkovich,Rubie.Yerkovich@yopmail.com,Rubie.Yerkovich@gmail.com,police officer
665,Cassandra,Gaulin,Cassandra.Gaulin@yopmail.com,Cassandra.Gaulin@gmail.com,developer
666,Leontine,Hathaway,Leontine.Hathaway@yopmail.com,Leontine.Hathaway@gmail.com,developer
667,Jorry,Adlare,Jorry.Adlare@yopmail.com,Jorry.Adlare@gmail.com,worker
668,Gui,Forrer,Gui.Forrer@yopmail.com,Gui.Forrer@gmail.com,firefighter
669,Almeta,Bartlett,Almeta.Bartlett@yopmail.com,Almeta.Bartlett@gmail.com,firefighter
670,Althea,Maiah,Althea.Maiah@yopmail.com,Althea.Maiah@gmail.com,doctor
671,Roz,Faria,Roz.Faria@yopmail.com,Roz.Faria@gmail.com,firefighter
672,Celene,Orlene,Celene.Orlene@yopmail.com,Celene.Orlene@gmail.com,doctor
673,Mellicent,Lytton,Mellicent.Lytton@yopmail.com,Mellicent.Lytton@gmail.com,worker
674,Chandra,Elisha,Chandra.Elisha@yopmail.com,Chandra.Elisha@gmail.com,developer
675,Clarice,Dom,Clarice.Dom@yopmail.com,Clarice.Dom@gmail.com,police officer
676,Ilse,Zaslow,Ilse.Zaslow@yopmail.com,Ilse.Zaslow@gmail.com,firefighter
677,Allyce,Greenwald,Allyce.Greenwald@yopmail.com,Allyce.Greenwald@gmail.com,developer
678,Shannah,Tamar,Shannah.Tamar@yopmail.com,Shannah.Tamar@gmail.com,police officer
679,Britni,Vittoria,Britni.Vittoria@yopmail.com,Britni.Vittoria@gmail.com,doctor
680,Di,Georgy,Di.Georgy@yopmail.com,Di.Georgy@gmail.com,developer
681,Queenie,Karl,Queenie.Karl@yopmail.com,Queenie.Karl@gmail.com,police officer
682,Allis,Horan,Allis.Horan@yopmail.com,Allis.Horan@gmail.com,developer
683,Carol-Jean,Fry,Carol-Jean.Fry@yopmail.com,Carol-Jean.Fry@gmail.com,worker
684,Kirbee,Nester,Kirbee.Nester@yopmail.com,Kirbee.Nester@gmail.com,police officer
685,Celisse,Dielu,Celisse.Dielu@yopmail.com,Celisse.Dielu@gmail.com,police officer
686,Marcy,Chrystel,Marcy.Chrystel@yopmail.com,Marcy.Chrystel@gmail.com,developer
687,Genovera,Haerr,Genovera.Haerr@yopmail.com,Genovera.Haerr@gmail.com,firefighter
688,Janis,Billye,Janis.Billye@yopmail.com,Janis.Billye@gmail.com,doctor
689,Winifred,Fax,Winifred.Fax@yopmail.com,Winifred.Fax@gmail.com,worker
690,Korrie,Gamaliel,Korrie.Gamaliel@yopmail.com,Korrie.Gamaliel@gmail.com,firefighter
691,Madeleine,Parette,Madeleine.Parette@yopmail.com,Madeleine.Parette@gmail.com,worker
692,Paule,Himelman,Paule.Himelman@yopmail.com,Paule.Himelman@gmail.com,police officer
693,Joelly,Hunfredo,Joelly.Hunfredo@yopmail.com,Joelly.Hunfredo@gmail.com,doctor
694,Ardys,Faro,Ardys.Faro@yopmail.com,Ardys.Faro@gmail.com,developer
695,Doro,Ramona,Doro.Ramona@yopmail.com,Doro.Ramona@gmail.com,doctor
696,Gabriellia,Liebermann,Gabriellia.Liebermann@yopmail.com,Gabriellia.Liebermann@gmail.com,police officer
697,Kenna,Hachmin,Kenna.Hachmin@yopmail.com,Kenna.Hachmin@gmail.com,developer
698,Brynna,Wolfgram,Brynna.Wolfgram@yopmail.com,Brynna.Wolfgram@gmail.com,firefighter
699,Rozele,Zuzana,Rozele.Zuzana@yopmail.com,Rozele.Zuzana@gmail.com,worker
700,Jacquetta,Waite,Jacquetta.Waite@yopmail.com,Jacquetta.Waite@gmail.com,police officer
701,Celene,Briney,Celene.Briney@yopmail.com,Celene.Briney@gmail.com,firefighter
702,Max,Marijo,Max.Marijo@yopmail.com,Max.Marijo@gmail.com,worker
703,Olwen,Garlinda,Olwen.Garlinda@yopmail.com,Olwen.Garlinda@gmail.com,firefighter
704,Evaleen,Monk,Evaleen.Monk@yopmail.com,Evaleen.Monk@gmail.com,doctor
705,Feliza,Harl,Feliza.Harl@yopmail.com,Feliza.Harl@gmail.com,worker
706,Zsa Zsa,Persse,Zsa Zsa.Persse@yopmail.com,Zsa Zsa.Persse@gmail.com,developer
707,Jan,Fry,Jan.Fry@yopmail.com,Jan.Fry@gmail.com,police officer
708,Marti,Thad,Marti.Thad@yopmail.com,Marti.Thad@gmail.com,police officer
709,Carree,Yusuk,Carree.Yusuk@yopmail.com,Carree.Yusuk@gmail.com,firefighter
710,Margette,Smitt,Margette.Smitt@yopmail.com,Margette.Smitt@gmail.com,developer
711,Rori,Pacorro,Rori.Pacorro@yopmail.com,Rori.Pacorro@gmail.com,worker
712,Dione,Hedve,Dione.Hedve@yopmail.com,Dione.Hedve@gmail.com,doctor
713,Gilda,Helve,Gilda.Helve@yopmail.com,Gilda.Helve@gmail.com,firefighter
714,Cristabel,Mintz,Cristabel.Mintz@yopmail.com,Cristabel.Mintz@gmail.com,doctor
715,Barbara,Vanni,Barbara.Vanni@yopmail.com,Barbara.Vanni@gmail.com,doctor
716,Rozele,Jagir,Rozele.Jagir@yopmail.com,Rozele.Jagir@gmail.com,worker
717,Zaria,Zetta,Zaria.Zetta@yopmail.com,Zaria.Zetta@gmail.com,developer
718,Ketti,Abram,Ketti.Abram@yopmail.com,Ketti.Abram@gmail.com,police officer
719,Amelia,Latini,Amelia.Latini@yopmail.com,Amelia.Latini@gmail.com,police officer
720,Eadie,Maples,Eadie.Maples@yopmail.com,Eadie.Maples@gmail.com,police officer
721,Annabela,Anselmi,Annabela.Anselmi@yopmail.com,Annabela.Anselmi@gmail.com,developer
722,Beth,Winthorpe,Beth.Winthorpe@yopmail.com,Beth.Winthorpe@gmail.com,police officer
723,Dominga,Malina,Dominga.Malina@yopmail.com,Dominga.Malina@gmail.com,developer
724,Korrie,Dorine,Korrie.Dorine@yopmail.com,Korrie.Dorine@gmail.com,doctor
725,Joleen,Evvie,Joleen.Evvie@yopmail.com,Joleen.Evvie@gmail.com,worker
726,Sandie,Septima,Sandie.Septima@yopmail.com,Sandie.Septima@gmail.com,worker
727,Amii,Shama,Amii.Shama@yopmail.com,Amii.Shama@gmail.com,doctor
728,Lauryn,Urania,Lauryn.Urania@yopmail.com,Lauryn.Urania@gmail.com,worker
729,Kore,Braun,Kore.Braun@yopmail.com,Kore.Braun@gmail.com,firefighter
730,Clarice,Koehler,Clarice.Koehler@yopmail.com,Clarice.Koehler@gmail.com,doctor
731,Anica,Abernon,Anica.Abernon@yopmail.com,Anica.Abernon@gmail.com,worker
732,Dode,Kirstin,Dode.Kirstin@yopmail.com,Dode.Kirstin@gmail.com,worker
733,Karina,Weitman,Karina.Weitman@yopmail.com,Karina.Weitman@gmail.com,developer
734,Annecorinne,Berl,Annecorinne.Berl@yopmail.com,Annecorinne.Berl@gmail.com,doctor
735,Sarette,Zaslow,Sarette.Zaslow@yopmail.com,Sarette.Zaslow@gmail.com,worker
736,Linet,Natica,Linet.Natica@yopmail.com,Linet.Natica@gmail.com,developer
737,Vevay,Laverne,Vevay.Laverne@yopmail.com,Vevay.Laverne@gmail.com,police officer
738,Layla,Milde,Layla.Milde@yopmail.com,Layla.Milde@gmail.com,firefighter
739,Magdalena,Swigart,Magdalena.Swigart@yopmail.com,Magdalena.Swigart@gmail.com,worker
740,Ketti,Ietta,Ketti.Ietta@yopmail.com,Ketti.Ietta@gmail.com,firefighter
741,Belinda,Sisile,Belinda.Sisile@yopmail.com,Belinda.Sisile@gmail.com,doctor
742,Frances,Wittie,Frances.Wittie@yopmail.com,Frances.Wittie@gmail.com,developer
743,Alyda,Tippets,Alyda.Tippets@yopmail.com,Alyda.Tippets@gmail.com,doctor
744,Atlanta,Esmaria,Atlanta.Esmaria@yopmail.com,Atlanta.Esmaria@gmail.com,doctor
745,Nadine,Berne,Nadine.Berne@yopmail.com,Nadine.Berne@gmail.com,developer
746,Ingrid,Kolnick,Ingrid.Kolnick@yopmail.com,Ingrid.Kolnick@gmail.com,worker
747,Violet,Joli,Violet.Joli@yopmail.com,Violet.Joli@gmail.com,police officer
748,Ada,Marsden,Ada.Marsden@yopmail.com,Ada.Marsden@gmail.com,police officer
749,Minda,Gordon,Minda.Gordon@yopmail.com,Minda.Gordon@gmail.com,police officer
750,Nadine,Bennie,Nadine.Bennie@yopmail.com,Nadine.Bennie@gmail.com,developer
751,Antonietta,Sharl,Antonietta.Sharl@yopmail.com,Antonietta.Sharl@gmail.com,worker
752,Candi,Nedrud,Candi.Nedrud@yopmail.com,Candi.Nedrud@gmail.com,doctor
753,Benita,Gert,Benita.Gert@yopmail.com,Benita.Gert@gmail.com,police officer
754,Jere,Scammon,Jere.Scammon@yopmail.com,Jere.Scammon@gmail.com,worker
755,Selia,Ricki,Selia.Ricki@yopmail.com,Selia.Ricki@gmail.com,developer
756,Rochette,Rocray,Rochette.Rocray@yopmail.com,Rochette.Rocray@gmail.com,developer
757,Dawn,Bahr,Dawn.Bahr@yopmail.com,Dawn.Bahr@gmail.com,worker
758,Aigneis,Ricki,Aigneis.Ricki@yopmail.com,Aigneis.Ricki@gmail.com,developer
759,Clary,Jacobah,Clary.Jacobah@yopmail.com,Clary.Jacobah@gmail.com,worker
760,Vita,Morehouse,Vita.Morehouse@yopmail.com,Vita.Morehouse@gmail.com,developer
761,Betta,Argus,Betta.Argus@yopmail.com,Betta.Argus@gmail.com,police officer
762,Agnese,Mullane,Agnese.Mullane@yopmail.com,Agnese.Mullane@gmail.com,doctor
763,Lolita,Jerold,Lolita.Jerold@yopmail.com,Lolita.Jerold@gmail.com,worker
764,Paule,Fontana,Paule.Fontana@yopmail.com,Paule.Fontana@gmail.com,firefighter
765,Amelia,Baptlsta,Amelia.Baptlsta@yopmail.com,Amelia.Baptlsta@gmail.com,developer
766,Caritta,Winthorpe,Caritta.Winthorpe@yopmail.com,Caritta.Winthorpe@gmail.com,developer
767,Kamilah,Dorine,Kamilah.Dorine@yopmail.com,Kamilah.Dorine@gmail.com,doctor
768,Basia,Henebry,Basia.Henebry@yopmail.com,Basia.Henebry@gmail.com,doctor
769,Bettine,Imelida,Bettine.Imelida@yopmail.com,Bettine.Imelida@gmail.com,developer
770,Paola,Sherfield,Paola.Sherfield@yopmail.com,Paola.Sherfield@gmail.com,police officer
771,Dawn,Leler,Dawn.Leler@yopmail.com,Dawn.Leler@gmail.com,worker
772,Vevay,Infield,Vevay.Infield@yopmail.com,Vevay.Infield@gmail.com,police officer
773,Deane,Bettine,Deane.Bettine@yopmail.com,Deane.Bettine@gmail.com,doctor
774,Jorry,Wadell,Jorry.Wadell@yopmail.com,Jorry.Wadell@gmail.com,police officer
775,Tiffie,Tengdin,Tiffie.Tengdin@yopmail.com,Tiffie.Tengdin@gmail.com,police officer
776,Therine,Weitman,Therine.Weitman@yopmail.com,Therine.Weitman@gmail.com,worker
777,Darlleen,Fax,Darlleen.Fax@yopmail.com,Darlleen.Fax@gmail.com,developer
778,Gilligan,Felecia,Gilligan.Felecia@yopmail.com,Gilligan.Felecia@gmail.com,doctor
779,Libbie,Moina,Libbie.Moina@yopmail.com,Libbie.Moina@gmail.com,firefighter
780,Odessa,Cloris,Odessa.Cloris@yopmail.com,Odessa.Cloris@gmail.com,police officer
781,Gerrie,Linehan,Gerrie.Linehan@yopmail.com,Gerrie.Linehan@gmail.com,firefighter
782,Nikki,Esmaria,Nikki.Esmaria@yopmail.com,Nikki.Esmaria@gmail.com,worker
783,Latisha,Slifka,Latisha.Slifka@yopmail.com,Latisha.Slifka@gmail.com,doctor
784,Kylynn,McCutcheon,Kylynn.McCutcheon@yopmail.com,Kylynn.McCutcheon@gmail.com,developer
785,Elyssa,Gibbeon,Elyssa.Gibbeon@yopmail.com,Elyssa.Gibbeon@gmail.com,worker
786,Reeba,Hillel,Reeba.Hillel@yopmail.com,Reeba.Hillel@gmail.com,worker
787,Calla,Corrine,Calla.Corrine@yopmail.com,Calla.Corrine@gmail.com,firefighter
788,Kaia,Lail,Kaia.Lail@yopmail.com,Kaia.Lail@gmail.com,police officer
789,Farrah,Baptlsta,Farrah.Baptlsta@yopmail.com,Farrah.Baptlsta@gmail.com,police officer
790,Kittie,Arathorn,Kittie.Arathorn@yopmail.com,Kittie.Arathorn@gmail.com,worker
791,Chandra,Melleta,Chandra.Melleta@yopmail.com,Chandra.Melleta@gmail.com,police officer
792,Judy,Dituri,Judy.Dituri@yopmail.com,Judy.Dituri@gmail.com,police officer
793,Nanete,Martguerita,Nanete.Martguerita@yopmail.com,Nanete.Martguerita@gmail.com,developer
794,Orelia,Terrence,Orelia.Terrence@yopmail.com,Orelia.Terrence@gmail.com,doctor
795,Deedee,Ashely,Deedee.Ashely@yopmail.com,Deedee.Ashely@gmail.com,worker
796,Winifred,Leonard,Winifred.Leonard@yopmail.com,Winifred.Leonard@gmail.com,firefighter
797,Sophia,Wind,Sophia.Wind@yopmail.com,Sophia.Wind@gmail.com,police officer
798,Dania,Ajay,Dania.Ajay@yopmail.com,Dania.Ajay@gmail.com,police officer
799,Rosabelle,Anestassia,Rosabelle.Anestassia@yopmail.com,Rosabelle.Anestassia@gmail.com,developer
800,Cecile,Bethany,Cecile.Bethany@yopmail.com,Cecile.Bethany@gmail.com,doctor
801,Viki,Cecile,Viki.Cecile@yopmail.com,Viki.Cecile@gmail.com,firefighter
802,Vanessa,Stevy,Vanessa.Stevy@yopmail.com,Vanessa.Stevy@gmail.com,developer
803,Gaylene,Etom,Gaylene.Etom@yopmail.com,Gaylene.Etom@gmail.com,firefighter
804,Tarra,Felecia,Tarra.Felecia@yopmail.com,Tarra.Felecia@gmail.com,police officer
805,Margarette,Weaks,Margarette.Weaks@yopmail.com,Margarette.Weaks@gmail.com,doctor
806,Neila,Holbrook,Neila.Holbrook@yopmail.com,Neila.Holbrook@gmail.com,doctor
807,Gianina,Wilkinson,Gianina.Wilkinson@yopmail.com,Gianina.Wilkinson@gmail.com,doctor
808,Jere,Ulphia,Jere.Ulphia@yopmail.com,Jere.Ulphia@gmail.com,police officer
809,Emmey,Nerita,Emmey.Nerita@yopmail.com,Emmey.Nerita@gmail.com,police officer
810,Ezmeralda,Vharat,Ezmeralda.Vharat@yopmail.com,Ezmeralda.Vharat@gmail.com,doctor
811,Cecile,Cavan,Cecile.Cavan@yopmail.com,Cecile.Cavan@gmail.com,firefighter
812,Claudina,Hillel,Claudina.Hillel@yopmail.com,Claudina.Hillel@gmail.com,worker
813,Silvana,Ferino,Silvana.Ferino@yopmail.com,Silvana.Ferino@gmail.com,police officer
814,Misha,Jotham,Misha.Jotham@yopmail.com,Misha.Jotham@gmail.com,worker
815,Celisse,Mehalek,Celisse.Mehalek@yopmail.com,Celisse.Mehalek@gmail.com,firefighter
816,Jinny,Ambrosia,Jinny.Ambrosia@yopmail.com,Jinny.Ambrosia@gmail.com,developer
817,Di,Claudine,Di.Claudine@yopmail.com,Di.Claudine@gmail.com,firefighter
818,Karena,Dulciana,Karena.Dulciana@yopmail.com,Karena.Dulciana@gmail.com,worker
819,Rivalee,Merat,Rivalee.Merat@yopmail.com,Rivalee.Merat@gmail.com,doctor
820,Starla,Shirberg,Starla.Shirberg@yopmail.com,Starla.Shirberg@gmail.com,police officer
821,Taffy,Marden,Taffy.Marden@yopmail.com,Taffy.Marden@gmail.com,doctor
822,Keelia,Cavan,Keelia.Cavan@yopmail.com,Keelia.Cavan@gmail.com,firefighter
823,Tressa,Dichy,Tressa.Dichy@yopmail.com,Tressa.Dichy@gmail.com,firefighter
824,Sidoney,Telfer,Sidoney.Telfer@yopmail.com,Sidoney.Telfer@gmail.com,doctor
825,Ayn,Primalia,Ayn.Primalia@yopmail.com,Ayn.Primalia@gmail.com,firefighter
826,Rhoda,Rona,Rhoda.Rona@yopmail.com,Rhoda.Rona@gmail.com,police officer
827,Rosanne,Codding,Rosanne.Codding@yopmail.com,Rosanne.Codding@gmail.com,police officer
828,Lita,Bronk,Lita.Bronk@yopmail.com,Lita.Bronk@gmail.com,worker
829,Barbi,Thema,Barbi.Thema@yopmail.com,Barbi.Thema@gmail.com,doctor
830,Claresta,Frodi,Claresta.Frodi@yopmail.com,Claresta.Frodi@gmail.com,worker
831,Elka,Cosenza,Elka.Cosenza@yopmail.com,Elka.Cosenza@gmail.com,doctor
832,Kara-Lynn,Melony,Kara-Lynn.Melony@yopmail.com,Kara-Lynn.Melony@gmail.com,developer
833,Magdalena,Kevon,Magdalena.Kevon@yopmail.com,Magdalena.Kevon@gmail.com,developer
834,Ida,Malina,Ida.Malina@yopmail.com,Ida.Malina@gmail.com,developer
835,Rosene,Lorain,Rosene.Lorain@yopmail.com,Rosene.Lorain@gmail.com,doctor
836,Sashenka,Salchunas,Sashenka.Salchunas@yopmail.com,Sashenka.Salchunas@gmail.com,doctor
837,Candi,Gladstone,Candi.Gladstone@yopmail.com,Candi.Gladstone@gmail.com,police officer
838,Kalina,Garek,Kalina.Garek@yopmail.com,Kalina.Garek@gmail.com,developer
839,Damaris,Zaslow,Damaris.Zaslow@yopmail.com,Damaris.Zaslow@gmail.com,firefighter
840,Renie,Uird,Renie.Uird@yopmail.com,Renie.Uird@gmail.com,worker
841,Lory,Emmaline,Lory.Emmaline@yopmail.com,Lory.Emmaline@gmail.com,developer
842,Stevana,Georas,Stevana.Georas@yopmail.com,Stevana.Georas@gmail.com,firefighter
843,Caressa,Elephus,Caressa.Elephus@yopmail.com,Caressa.Elephus@gmail.com,developer
844,Maud,Germann,Maud.Germann@yopmail.com,Maud.Germann@gmail.com,worker
845,Carmencita,Baptlsta,Carmencita.Baptlsta@yopmail.com,Carmencita.Baptlsta@gmail.com,police officer
846,Margarette,Kauppi,Margarette.Kauppi@yopmail.com,Margarette.Kauppi@gmail.com,police officer
847,Sharai,Wattenberg,Sharai.Wattenberg@yopmail.com,Sharai.Wattenberg@gmail.com,developer
848,Audrie,Madaih,Audrie.Madaih@yopmail.com,Audrie.Madaih@gmail.com,worker
849,Stacey,Xerxes,Stacey.Xerxes@yopmail.com,Stacey.Xerxes@gmail.com,doctor
850,Danika,Gwenore,Danika.Gwenore@yopmail.com,Danika.Gwenore@gmail.com,developer
851,Cristine,Yusuk,Cristine.Yusuk@yopmail.com,Cristine.Yusuk@gmail.com,worker
852,Lacie,Pettiford,Lacie.Pettiford@yopmail.com,Lacie.Pettiford@gmail.com,developer
853,Jorry,Kaja,Jorry.Kaja@yopmail.com,Jorry.Kaja@gmail.com,doctor
854,Fidelia,Hubert,Fidelia.Hubert@yopmail.com,Fidelia.Hubert@gmail.com,doctor
855,Veda,Hessler,Veda.Hessler@yopmail.com,Veda.Hessler@gmail.com,police officer
856,Dede,Yorick,Dede.Yorick@yopmail.com,Dede.Yorick@gmail.com,developer
857,Kirstin,Arathorn,Kirstin.Arathorn@yopmail.com,Kirstin.Arathorn@gmail.com,worker
858,Rhoda,Etom,Rhoda.Etom@yopmail.com,Rhoda.Etom@gmail.com,police officer
859,Lynnea,Koziara,Lynnea.Koziara@yopmail.com,Lynnea.Koziara@gmail.com,firefighter
860,Lorenza,Pearse,Lorenza.Pearse@yopmail.com,Lorenza.Pearse@gmail.com,worker
861,Sam,Erb,Sam.Erb@yopmail.com,Sam.Erb@gmail.com,firefighter
862,Sabina,Stelle,Sabina.Stelle@yopmail.com,Sabina.Stelle@gmail.com,worker
863,Roz,Penelopa,Roz.Penelopa@yopmail.com,Roz.Penelopa@gmail.com,police officer
864,Melanie,Ax,Melanie.Ax@yopmail.com,Melanie.Ax@gmail.com,worker
865,Teriann,Noam,Teriann.Noam@yopmail.com,Teriann.Noam@gmail.com,doctor
866,Talya,Masao,Talya.Masao@yopmail.com,Talya.Masao@gmail.com,developer
867,Cristabel,Dosia,Cristabel.Dosia@yopmail.com,Cristabel.Dosia@gmail.com,police officer
868,Jillayne,Eben,Jillayne.Eben@yopmail.com,Jillayne.Eben@gmail.com,worker
869,Gaylene,Kenwood,Gaylene.Kenwood@yopmail.com,Gaylene.Kenwood@gmail.com,doctor
870,Yetty,Ezar,Yetty.Ezar@yopmail.com,Yetty.Ezar@gmail.com,firefighter
871,Britte,Israeli,Britte.Israeli@yopmail.com,Britte.Israeli@gmail.com,worker
872,Tiffie,Laurianne,Tiffie.Laurianne@yopmail.com,Tiffie.Laurianne@gmail.com,firefighter
873,Candi,Dermott,Candi.Dermott@yopmail.com,Candi.Dermott@gmail.com,doctor
874,Karina,Vary,Karina.Vary@yopmail.com,Karina.Vary@gmail.com,doctor
875,Sallie,Wallis,Sallie.Wallis@yopmail.com,Sallie.Wallis@gmail.com,doctor
876,Hermione,Tarrant,Hermione.Tarrant@yopmail.com,Hermione.Tarrant@gmail.com,doctor
877,Charissa,Wyn,Charissa.Wyn@yopmail.com,Charissa.Wyn@gmail.com,developer
878,Shandie,Havens,Shandie.Havens@yopmail.com,Shandie.Havens@gmail.com,doctor
879,Daryl,Katrine,Daryl.Katrine@yopmail.com,Daryl.Katrine@gmail.com,firefighter
880,Teriann,Ledah,Teriann.Ledah@yopmail.com,Teriann.Ledah@gmail.com,firefighter
881,Charmaine,Plato,Charmaine.Plato@yopmail.com,Charmaine.Plato@gmail.com,firefighter
882,Sidoney,Ajay,Sidoney.Ajay@yopmail.com,Sidoney.Ajay@gmail.com,doctor
883,Leanna,Kazimir,Leanna.Kazimir@yopmail.com,Leanna.Kazimir@gmail.com,developer
884,Kirstin,Atcliffe,Kirstin.Atcliffe@yopmail.com,Kirstin.Atcliffe@gmail.com,doctor
885,Dorice,Lowry,Dorice.Lowry@yopmail.com,Dorice.Lowry@gmail.com,firefighter
886,Mamie,Ade,Mamie.Ade@yopmail.com,Mamie.Ade@gmail.com,doctor
887,Bee,Llovera,Bee.Llovera@yopmail.com,Bee.Llovera@gmail.com,doctor
888,Micheline,Buckler,Micheline.Buckler@yopmail.com,Micheline.Buckler@gmail.com,police officer
889,Valeda,Thunell,Valeda.Thunell@yopmail.com,Valeda.Thunell@gmail.com,police officer
890,Goldie,Yam,Goldie.Yam@yopmail.com,Goldie.Yam@gmail.com,police officer
891,Elyssa,Hurley,Elyssa.Hurley@yopmail.com,Elyssa.Hurley@gmail.com,police officer
892,Georgina,Olnee,Georgina.Olnee@yopmail.com,Georgina.Olnee@gmail.com,doctor
893,Annaliese,Poppy,Annaliese.Poppy@yopmail.com,Annaliese.Poppy@gmail.com,worker
894,Brena,Kiersten,Brena.Kiersten@yopmail.com,Brena.Kiersten@gmail.com,police officer
895,Ninnetta,Nadia,Ninnetta.Nadia@yopmail.com,Ninnetta.Nadia@gmail.com,developer
896,Emelina,Jefferey,Emelina.Jefferey@yopmail.com,Emelina.Jefferey@gmail.com,developer
897,Cissiee,Waite,Cissiee.Waite@yopmail.com,Cissiee.Waite@gmail.com,firefighter
898,Sheree,Sparhawk,Sheree.Sparhawk@yopmail.com,Sheree.Sparhawk@gmail.com,worker
899,Rhea,Delp,Rhea.Delp@yopmail.com,Rhea.Delp@gmail.com,firefighter
900,Sheree,Morrill,Sheree.Morrill@yopmail.com,Sheree.Morrill@gmail.com,firefighter
901,Lucille,Federica,Lucille.Federica@yopmail.com,Lucille.Federica@gmail.com,doctor
902,Celene,Thar,Celene.Thar@yopmail.com,Celene.Thar@gmail.com,firefighter
903,Carlie,Grosz,Carlie.Grosz@yopmail.com,Carlie.Grosz@gmail.com,doctor
904,Leontine,Ioab,Leontine.Ioab@yopmail.com,Leontine.Ioab@gmail.com,worker
905,Robinia,Marlie,Robinia.Marlie@yopmail.com,Robinia.Marlie@gmail.com,developer
906,Gerianna,Bevin,Gerianna.Bevin@yopmail.com,Gerianna.Bevin@gmail.com,doctor
907,Hermione,Himelman,Hermione.Himelman@yopmail.com,Hermione.Himelman@gmail.com,doctor
908,Lila,Matthew,Lila.Matthew@yopmail.com,Lila.Matthew@gmail.com,police officer
909,Leeanne,Dom,Leeanne.Dom@yopmail.com,Leeanne.Dom@gmail.com,worker
910,Anica,Gunn,Anica.Gunn@yopmail.com,Anica.Gunn@gmail.com,police officer
911,Jacenta,Roarke,Jacenta.Roarke@yopmail.com,Jacenta.Roarke@gmail.com,developer
912,Maud,Beebe,Maud.Beebe@yopmail.com,Maud.Beebe@gmail.com,worker
913,Myrtice,Wildermuth,Myrtice.Wildermuth@yopmail.com,Myrtice.Wildermuth@gmail.com,firefighter
914,Dorothy,Seagraves,Dorothy.Seagraves@yopmail.com,Dorothy.Seagraves@gmail.com,firefighter
915,Suzette,Daegal,Suzette.Daegal@yopmail.com,Suzette.Daegal@gmail.com,developer
916,Emylee,Rhu,Emylee.Rhu@yopmail.com,Emylee.Rhu@gmail.com,police officer
917,Nikki,Teryn,Nikki.Teryn@yopmail.com,Nikki.Teryn@gmail.com,worker
918,Winny,Emerson,Winny.Emerson@yopmail.com,Winny.Emerson@gmail.com,police officer
919,Lita,Pacorro,Lita.Pacorro@yopmail.com,Lita.Pacorro@gmail.com,developer
920,Lisette,Rhu,Lisette.Rhu@yopmail.com,Lisette.Rhu@gmail.com,worker
921,Anthia,Saunderson,Anthia.Saunderson@yopmail.com,Anthia.Saunderson@gmail.com,firefighter
922,Roxane,Connelly,Roxane.Connelly@yopmail.com,Roxane.Connelly@gmail.com,firefighter
923,Cordi,Fadiman,Cordi.Fadiman@yopmail.com,Cordi.Fadiman@gmail.com,worker
924,Lucy,Ehrman,Lucy.Ehrman@yopmail.com,Lucy.Ehrman@gmail.com,developer
925,Orelia,Whittaker,Orelia.Whittaker@yopmail.com,Orelia.Whittaker@gmail.com,developer
926,Stephanie,Sancho,Stephanie.Sancho@yopmail.com,Stephanie.Sancho@gmail.com,police officer
927,Britni,Bethany,Britni.Bethany@yopmail.com,Britni.Bethany@gmail.com,worker
928,Kalina,Percy,Kalina.Percy@yopmail.com,Kalina.Percy@gmail.com,developer
929,Valli,Dorine,Valli.Dorine@yopmail.com,Valli.Dorine@gmail.com,developer
930,Clo,Aldric,Clo.Aldric@yopmail.com,Clo.Aldric@gmail.com,worker
931,Atlanta,Turne,Atlanta.Turne@yopmail.com,Atlanta.Turne@gmail.com,police officer
932,Delilah,Lutero,Delilah.Lutero@yopmail.com,Delilah.Lutero@gmail.com,doctor
933,Emelina,Wu,Emelina.Wu@yopmail.com,Emelina.Wu@gmail.com,doctor
934,Jere,Toni,Jere.Toni@yopmail.com,Jere.Toni@gmail.com,worker
935,Heddie,Terrence,Heddie.Terrence@yopmail.com,Heddie.Terrence@gmail.com,police officer
936,Chickie,Erlandson,Chickie.Erlandson@yopmail.com,Chickie.Erlandson@gmail.com,developer
937,Carree,Atcliffe,Carree.Atcliffe@yopmail.com,Carree.Atcliffe@gmail.com,developer
938,Wynne,Jehu,Wynne.Jehu@yopmail.com,Wynne.Jehu@gmail.com,worker
939,Stacey,Stuart,Stacey.Stuart@yopmail.com,Stacey.Stuart@gmail.com,doctor
940,Deane,Xerxes,Deane.Xerxes@yopmail.com,Deane.Xerxes@gmail.com,worker
941,Lelah,Jess,Lelah.Jess@yopmail.com,Lelah.Jess@gmail.com,police officer
942,Renie,Zaslow,Renie.Zaslow@yopmail.com,Renie.Zaslow@gmail.com,developer
943,Romona,Publia,Romona.Publia@yopmail.com,Romona.Publia@gmail.com,worker
944,Heddie,Sigfrid,Heddie.Sigfrid@yopmail.com,Heddie.Sigfrid@gmail.com,worker
945,Fanny,Gaal,Fanny.Gaal@yopmail.com,Fanny.Gaal@gmail.com,doctor
946,Anica,Garrison,Anica.Garrison@yopmail.com,Anica.Garrison@gmail.com,police officer
947,Evita,Kaja,Evita.Kaja@yopmail.com,Evita.Kaja@gmail.com,police officer
948,Randa,Tatianas,Randa.Tatianas@yopmail.com,Randa.Tatianas@gmail.com,firefighter
949,Aurore,Emanuel,Aurore.Emanuel@yopmail.com,Aurore.Emanuel@gmail.com,developer
950,Celene,Elephus,Celene.Elephus@yopmail.com,Celene.Elephus@gmail.com,firefighter
951,Letizia,Pettiford,Letizia.Pettiford@yopmail.com,Letizia.Pettiford@gmail.com,firefighter
952,Dominga,O'Neill,Dominga.O'Neill@yopmail.com,Dominga.O'Neill@gmail.com,developer
953,Jordan,Harriman,Jordan.Harriman@yopmail.com,Jordan.Harriman@gmail.com,police officer
954,Isa,Rubie,Isa.Rubie@yopmail.com,Isa.Rubie@gmail.com,police officer
955,Renae,Aldric,Renae.Aldric@yopmail.com,Renae.Aldric@gmail.com,doctor
956,Tybie,Croix,Tybie.Croix@yopmail.com,Tybie.Croix@gmail.com,police officer
957,Cissiee,Dowski,Cissiee.Dowski@yopmail.com,Cissiee.Dowski@gmail.com,firefighter
958,Alejandra,Dowski,Alejandra.Dowski@yopmail.com,Alejandra.Dowski@gmail.com,firefighter
959,Margarette,Faust,Margarette.Faust@yopmail.com,Margarette.Faust@gmail.com,firefighter
960,Lulita,Hathaway,Lulita.Hathaway@yopmail.com,Lulita.Hathaway@gmail.com,worker
961,Deane,Han,Deane.Han@yopmail.com,Deane.Han@gmail.com,doctor
962,Cathyleen,Ciapas,Cathyleen.Ciapas@yopmail.com,Cathyleen.Ciapas@gmail.com,developer
963,Elmira,Nance,Elmira.Nance@yopmail.com,Elmira.Nance@gmail.com,police officer
964,Thalia,Docilla,Thalia.Docilla@yopmail.com,Thalia.Docilla@gmail.com,police officer
965,Jordan,Kelula,Jordan.Kelula@yopmail.com,Jordan.Kelula@gmail.com,developer
966,Shandie,Autrey,Shandie.Autrey@yopmail.com,Shandie.Autrey@gmail.com,developer
967,Rayna,Pitt,Rayna.Pitt@yopmail.com,Rayna.Pitt@gmail.com,police officer
968,Kaja,Dosia,Kaja.Dosia@yopmail.com,Kaja.Dosia@gmail.com,developer
969,Katleen,Avi,Katleen.Avi@yopmail.com,Katleen.Avi@gmail.com,worker
970,Marika,Felecia,Marika.Felecia@yopmail.com,Marika.Felecia@gmail.com,firefighter
971,Melanie,Salvidor,Melanie.Salvidor@yopmail.com,Melanie.Salvidor@gmail.com,firefighter
972,Tracey,LaRue,Tracey.LaRue@yopmail.com,Tracey.LaRue@gmail.com,worker
973,Inga,Secrest,Inga.Secrest@yopmail.com,Inga.Secrest@gmail.com,worker
974,Benita,Weinreb,Benita.Weinreb@yopmail.com,Benita.Weinreb@gmail.com,developer
975,Andree,Christine,Andree.Christine@yopmail.com,Andree.Christine@gmail.com,firefighter
976,Kore,Idelia,Kore.Idelia@yopmail.com,Kore.Idelia@gmail.com,developer
977,Halette,Hubert,Halette.Hubert@yopmail.com,Halette.Hubert@gmail.com,developer
978,Lila,Nunci,Lila.Nunci@yopmail.com,Lila.Nunci@gmail.com,firefighter
979,Dennie,Gilbertson,Dennie.Gilbertson@yopmail.com,Dennie.Gilbertson@gmail.com,doctor
980,Ilse,Adamsen,Ilse.Adamsen@yopmail.com,Ilse.Adamsen@gmail.com,worker
981,Nita,Freddi,Nita.Freddi@yopmail.com,Nita.Freddi@gmail.com,developer
982,Ofilia,Kiersten,Ofilia.Kiersten@yopmail.com,Ofilia.Kiersten@gmail.com,developer
983,Glenda,Camden,Glenda.Camden@yopmail.com,Glenda.Camden@gmail.com,police officer
984,Lacie,Smitt,Lacie.Smitt@yopmail.com,Lacie.Smitt@gmail.com,worker
985,Stevana,Shields,Stevana.Shields@yopmail.com,Stevana.Shields@gmail.com,worker
986,Lorie,Prober,Lorie.Prober@yopmail.com,Lorie.Prober@gmail.com,police officer
987,Emelina,Camden,Emelina.Camden@yopmail.com,Emelina.Camden@gmail.com,doctor
988,Robinia,Laurianne,Robinia.Laurianne@yopmail.com,Robinia.Laurianne@gmail.com,firefighter
989,Heddie,Sperling,Heddie.Sperling@yopmail.com,Heddie.Sperling@gmail.com,developer
990,Giustina,Sharl,Giustina.Sharl@yopmail.com,Giustina.Sharl@gmail.com,developer
991,Marleah,Roche,Marleah.Roche@yopmail.com,Marleah.Roche@gmail.com,developer
992,Agathe,Corilla,Agathe.Corilla@yopmail.com,Agathe.Corilla@gmail.com,worker
993,Lacie,Wandie,Lacie.Wandie@yopmail.com,Lacie.Wandie@gmail.com,firefighter
994,Georgetta,Gower,Georgetta.Gower@yopmail.com,Georgetta.Gower@gmail.com,developer
995,Tami,Secrest,Tami.Secrest@yopmail.com,Tami.Secrest@gmail.com,doctor
996,Tori,Atcliffe,Tori.Atcliffe@yopmail.com,Tori.Atcliffe@gmail.com,firefighter
997,Marika,Angelis,Marika.Angelis@yopmail.com,Marika.Angelis@gmail.com,worker
998,Chloris,Maples,Chloris.Maples@yopmail.com,Chloris.Maples@gmail.com,firefighter
999,Katharina,Concha,Katharina.Concha@yopmail.com,Katharina.Concha@gmail.com,developer
1000,Tobe,Kelula,Tobe.Kelula@yopmail.com,Tobe.Kelula@gmail.com,firefighter
1001,Ronna,Bevin,Ronna.Bevin@yopmail.com,Ronna.Bevin@gmail.com,developer
1002,Kaja,Cordi,Kaja.Cordi@yopmail.com,Kaja.Cordi@gmail.com,worker
1003,Marguerite,Percy,Marguerite.Percy@yopmail.com,Marguerite.Percy@gmail.com,worker
1004,Correy,McNully,Correy.McNully@yopmail.com,Correy.McNully@gmail.com,firefighter
1005,Gale,Tjon,Gale.Tjon@yopmail.com,Gale.Tjon@gmail.com,developer
1006,Max,Maribeth,Max.Maribeth@yopmail.com,Max.Maribeth@gmail.com,doctor
1007,Joleen,Olin,Joleen.Olin@yopmail.com,Joleen.Olin@gmail.com,worker
1008,Mariele,Lucienne,Mariele.Lucienne@yopmail.com,Mariele.Lucienne@gmail.com,police officer
1009,Fanny,Ethban,Fanny.Ethban@yopmail.com,Fanny.Ethban@gmail.com,firefighter
1010,Annice,Schwejda,Annice.Schwejda@yopmail.com,Annice.Schwejda@gmail.com,firefighter
1011,Bobbi,Evangelia,Bobbi.Evangelia@yopmail.com,Bobbi.Evangelia@gmail.com,doctor
1012,Libbie,Suk,Libbie.Suk@yopmail.com,Libbie.Suk@gmail.com,worker
1013,Jennica,Amand,Jennica.Amand@yopmail.com,Jennica.Amand@gmail.com,firefighter
1014,Selia,Leifeste,Selia.Leifeste@yopmail.com,Selia.Leifeste@gmail.com,doctor
1015,Kaja,Danby,Kaja.Danby@yopmail.com,Kaja.Danby@gmail.com,police officer
1016,Suzette,Oscar,Suzette.Oscar@yopmail.com,Suzette.Oscar@gmail.com,worker
1017,Ileana,Hillel,Ileana.Hillel@yopmail.com,Ileana.Hillel@gmail.com,police officer
1018,Rhoda,Vacuva,Rhoda.Vacuva@yopmail.com,Rhoda.Vacuva@gmail.com,worker
1019,Sissy,Olnee,Sissy.Olnee@yopmail.com,Sissy.Olnee@gmail.com,developer
1020,Carilyn,Swigart,Carilyn.Swigart@yopmail.com,Carilyn.Swigart@gmail.com,worker
1021,Frank,Erminia,Frank.Erminia@yopmail.com,Frank.Erminia@gmail.com,developer
1022,Cyb,Jethro,Cyb.Jethro@yopmail.com,Cyb.Jethro@gmail.com,police officer
1023,Roslyn,Holtz,Roslyn.Holtz@yopmail.com,Roslyn.Holtz@gmail.com,doctor
1024,Averyl,Jefferey,Averyl.Jefferey@yopmail.com,Averyl.Jefferey@gmail.com,doctor
1025,Blondelle,Podvin,Blondelle.Podvin@yopmail.com,Blondelle.Podvin@gmail.com,doctor
1026,Diena,Erskine,Diena.Erskine@yopmail.com,Diena.Erskine@gmail.com,worker
1027,Asia,Thar,Asia.Thar@yopmail.com,Asia.Thar@gmail.com,doctor
1028,Renie,Lynn,Renie.Lynn@yopmail.com,Renie.Lynn@gmail.com,developer
1029,Loree,Shirberg,Loree.Shirberg@yopmail.com,Loree.Shirberg@gmail.com,developer
1030,Madeleine,Tayib,Madeleine.Tayib@yopmail.com,Madeleine.Tayib@gmail.com,firefighter
1031,Margalo,Herrera,Margalo.Herrera@yopmail.com,Margalo.Herrera@gmail.com,worker
1032,Marguerite,Liva,Marguerite.Liva@yopmail.com,Marguerite.Liva@gmail.com,doctor
1033,Gavrielle,Olympium,Gavrielle.Olympium@yopmail.com,Gavrielle.Olympium@gmail.com,police officer
1034,Orsola,Pond,Orsola.Pond@yopmail.com,Orsola.Pond@gmail.com,police officer
1035,Monika,Westphal,Monika.Westphal@yopmail.com,Monika.Westphal@gmail.com,firefighter
1036,Cassondra,Drus,Cassondra.Drus@yopmail.com,Cassondra.Drus@gmail.com,police officer
1037,Binny,Lauraine,Binny.Lauraine@yopmail.com,Binny.Lauraine@gmail.com,developer
1038,Gretal,Eldrid,Gretal.Eldrid@yopmail.com,Gretal.Eldrid@gmail.com,firefighter
1039,Larine,Eiser,Larine.Eiser@yopmail.com,Larine.Eiser@gmail.com,doctor
1040,Roseline,Cimbura,Roseline.Cimbura@yopmail.com,Roseline.Cimbura@gmail.com,worker
1041,Clary,Natica,Clary.Natica@yopmail.com,Clary.Natica@gmail.com,police officer
1042,Janey,Milde,Janey.Milde@yopmail.com,Janey.Milde@gmail.com,doctor
1043,Heida,Hortensia,Heida.Hortensia@yopmail.com,Heida.Hortensia@gmail.com,police officer
1044,Atlanta,Marcellus,Atlanta.Marcellus@yopmail.com,Atlanta.Marcellus@gmail.com,firefighter
1045,Laure,Croix,Laure.Croix@yopmail.com,Laure.Croix@gmail.com,firefighter
1046,Demetris,Aprile,Demetris.Aprile@yopmail.com,Demetris.Aprile@gmail.com,worker
1047,Talya,Thunell,Talya.Thunell@yopmail.com,Talya.Thunell@gmail.com,doctor
1048,Sheree,Bari,Sheree.Bari@yopmail.com,Sheree.Bari@gmail.com,worker
1049,Berta,Kendrick,Berta.Kendrick@yopmail.com,Berta.Kendrick@gmail.com,doctor
1050,Tani,Stelle,Tani.Stelle@yopmail.com,Tani.Stelle@gmail.com,developer
1051,Charissa,Stacy,Charissa.Stacy@yopmail.com,Charissa.Stacy@gmail.com,police officer
1052,Adelle,Smitt,Adelle.Smitt@yopmail.com,Adelle.Smitt@gmail.com,police officer
1053,Andree,Faro,Andree.Faro@yopmail.com,Andree.Faro@gmail.com,police officer
1054,Bibby,Dahlia,Bibby.Dahlia@yopmail.com,Bibby.Dahlia@gmail.com,firefighter
1055,Vivia,Karylin,Vivia.Karylin@yopmail.com,Vivia.Karylin@gmail.com,police officer
1056,Renae,Kristi,Renae.Kristi@yopmail.com,Renae.Kristi@gmail.com,doctor
1057,Carolina,Ventre,Carolina.Ventre@yopmail.com,Carolina.Ventre@gmail.com,police officer
1058,Cam,Catie,Cam.Catie@yopmail.com,Cam.Catie@gmail.com,worker
1059,Emelina,O'Carroll,Emelina.O'Carroll@yopmail.com,Emelina.O'Carroll@gmail.com,doctor
1060,Elsie,Grimbly,Elsie.Grimbly@yopmail.com,Elsie.Grimbly@gmail.com,firefighter
1061,Ericka,Alejoa,Ericka.Alejoa@yopmail.com,Ericka.Alejoa@gmail.com,police officer
1062,Kathy,Joachim,Kathy.Joachim@yopmail.com,Kathy.Joachim@gmail.com,police officer
1063,Eadie,Dannye,Eadie.Dannye@yopmail.com,Eadie.Dannye@gmail.com,police officer
1064,Addia,Faust,Addia.Faust@yopmail.com,Addia.Faust@gmail.com,doctor
1065,Aigneis,Ariella,Aigneis.Ariella@yopmail.com,Aigneis.Ariella@gmail.com,developer
1066,Millie,Tryck,Millie.Tryck@yopmail.com,Millie.Tryck@gmail.com,firefighter
1067,Nickie,Forrer,Nickie.Forrer@yopmail.com,Nickie.Forrer@gmail.com,police officer
1068,Blinni,Meli,Blinni.Meli@yopmail.com,Blinni.Meli@gmail.com,developer
1069,Kamilah,Travax,Kamilah.Travax@yopmail.com,Kamilah.Travax@gmail.com,doctor
1070,Jean,O'Neill,Jean.O'Neill@yopmail.com,Jean.O'Neill@gmail.com,worker
1071,Aaren,Sothena,Aaren.Sothena@yopmail.com,Aaren.Sothena@gmail.com,worker
1072,Sallie,Halla,Sallie.Halla@yopmail.com,Sallie.Halla@gmail.com,firefighter
1073,Marylou,Stelle,Marylou.Stelle@yopmail.com,Marylou.Stelle@gmail.com,doctor
1074,Lizzie,Magdalen,Lizzie.Magdalen@yopmail.com,Lizzie.Magdalen@gmail.com,doctor
1075,Meghann,Yam,Meghann.Yam@yopmail.com,Meghann.Yam@gmail.com,firefighter
1076,Kaia,Shama,Kaia.Shama@yopmail.com,Kaia.Shama@gmail.com,worker
1077,Maryellen,Hartnett,Maryellen.Hartnett@yopmail.com,Maryellen.Hartnett@gmail.com,doctor
1078,Julieta,Dom,Julieta.Dom@yopmail.com,Julieta.Dom@gmail.com,worker
1079,Stacey,Alabaster,Stacey.Alabaster@yopmail.com,Stacey.Alabaster@gmail.com,firefighter
1080,Coral,Gombach,Coral.Gombach@yopmail.com,Coral.Gombach@gmail.com,doctor
1081,Lolita,Tufts,Lolita.Tufts@yopmail.com,Lolita.Tufts@gmail.com,worker
1082,Sabina,Aaberg,Sabina.Aaberg@yopmail.com,Sabina.Aaberg@gmail.com,developer
1083,Ira,Stav,Ira.Stav@yopmail.com,Ira.Stav@gmail.com,developer
1084,Leontine,Adrienne,Leontine.Adrienne@yopmail.com,Leontine.Adrienne@gmail.com,firefighter
1085,Hermione,Chauncey,Hermione.Chauncey@yopmail.com,Hermione.Chauncey@gmail.com,firefighter
1086,Dyann,Juliet,Dyann.Juliet@yopmail.com,Dyann.Juliet@gmail.com,firefighter
1087,Norine,Astra,Norine.Astra@yopmail.com,Norine.Astra@gmail.com,police officer
1088,Shaylyn,Vary,Shaylyn.Vary@yopmail.com,Shaylyn.Vary@gmail.com,police officer
1089,Lynnea,Behre,Lynnea.Behre@yopmail.com,Lynnea.Behre@gmail.com,police officer
1090,Shell,Ephrem,Shell.Ephrem@yopmail.com,Shell.Ephrem@gmail.com,doctor
1091,Annaliese,Dichy,Annaliese.Dichy@yopmail.com,Annaliese.Dichy@gmail.com,police officer
1092,Kenna,Tamar,Kenna.Tamar@yopmail.com,Kenna.Tamar@gmail.com,police officer
1093,Modestia,Jalbert,Modestia.Jalbert@yopmail.com,Modestia.Jalbert@gmail.com,doctor
1094,Doro,Crudden,Doro.Crudden@yopmail.com,Doro.Crudden@gmail.com,firefighter
1095,Clementine,Hewitt,Clementine.Hewitt@yopmail.com,Clementine.Hewitt@gmail.com,doctor
1096,Lolita,Fabiola,Lolita.Fabiola@yopmail.com,Lolita.Fabiola@gmail.com,doctor
1097,Esmeralda,Constancy,Esmeralda.Constancy@yopmail.com,Esmeralda.Constancy@gmail.com,developer
1098,Leona,Darbie,Leona.Darbie@yopmail.com,Leona.Darbie@gmail.com,worker
1099,Daphne,Tayib,Daphne.Tayib@yopmail.com,Daphne.Tayib@gmail.com,worker